-3.94895,-6.70337,9.84607,-0.559953,7.84587,3.55007,-3.20533,-8.42608,1.31319,-2.98215,-3.85491,5.97746,-9.54651,2.94134,5.37566,7.85264,6.49505,1.25934,-5.8733,0.380325,-5.73699,4.0947,2.76944,4.38938,4.60028,6.3112,-4.36755,-8.50039,-1.19947,7.5248,-2.39183,-2.39413,0.404823,9.87126,8.29547,-5.17821,2.442,9.26865,8.63311,7.38252,-5.77796,2.51071,-3.67258,8.41883,-6.06993,-8.12857,2.4898,3.58621,-5.11673,6.18593,4.40748,-9.24592,1.46827,-8.77684,-5.45729,-6.37786,-4.21873,4.50987,-0.829079,1.97453,9.6082,-2.79987,-6.25972,8.21227,9.18425,-1.0244,4.51227,5.15167,-6.73191,-0.433633,-2.65394,3.42996,-9.98399,9.72536,-9.23386,-9.36278,-7.8586,-9.99768,0.965346,9.24911,1.99588,1.7016,9.29317,2.29665,0.371793,6.22396,-2.83271,-9.3606,-0.243504,0.289811,5.03305,-0.488475,3.35152,0.493041,-3.93244,-3.81546,6.60996,-2.30125,-7.08519,5.56022,5.60359
6.73685,5.75284,-9.49703,-0.228676,3.68471,4.52988,9.2707,-4.90258,-6.40201,-8.51071,-9.37501,-0.88374,-9.05979,-9.91292,6.29304,-9.72282,1.17937,-8.82201,-3.14566,6.647,-2.67581,-0.609701,2.06632,-7.40366,6.36421,-1.88614,7.13643,0.00872138,-7.3774,7.15561,-6.22796,4.47,4.54268,8.47917,-5.82884,5.35199,0.692019,6.8884,-9.52818,-0.979716,-1.94191,-5.78054,-2.43881,-4.92801,-7.8719,5.17316,-0.526172,-3.54024,4.06469,-7.34267,9.99863,-5.31529,8.64525,2.09921,1.19793,8.59257,-3.38081,6.75564,9.65767,9.17743,0.773833,1.66036,-9.22467,-9.64645,4.07209,-8.0669,5.91432,2.30821,-0.545717,-3.56223,6.15273,7.66679,9.54351,-0.130859,-7.79216,-4.19275,8.7257,-4.70362,7.50277,-5.83121,-3.90079,-1.79875,2.47665,-6.46775,0.616568,-6.49705,2.1977,-9.98961,-3.09335,-1.71391,4.91441,7.72392,9.66438,1.97441,6.05293,7.5614,-4.77983,4.72762,2.89711,0.504564,-5.60866
4.89906,-2.53381,5.12002,-7.55945,-9.46749,7.01487,0.139604,-2.8064,-7.00036,5.51011,-9.37928,3.87405,1.38614,7.07446,9.87578,8.79566,2.84322,-5.07083,-4.74338,-1.02216,7.06281,-8.91461,7.8645,-7.69268,-5.12861,3.43269,7.4053,-2.78399,-3.92102,3.49163,-2.87998,1.35067,-9.26653,8.93956,-3.66461,5.16436,0.498642,-3.41346,-0.539061,-9.17453,0.410284,-2.38589,-9.18604,0.950889,0.946089,0.894478,9.91395,-5.69196,1.64897,8.94386,-3.49587,-5.98763,-5.28869,-7.35964,-7.32086,4.42997,-4.91064,8.8291,2.37447,-8.48923,3.07865,5.78305,-5.51222,-0.144353,-6.5333,3.0219,-3.811,3.16015,0.176577,4.5652,-6.64098,0.461617,-9.25825,0.520541,8.86175,4.24631,-6.35283,5.1943,-3.57385,8.45154,4.56474,7.3971,-3.97324,4.06983,-3.27793,8.62305,-5.19984,0.34628,8.40356,9.95494,0.100812,5.08842,5.35155,1.41227,-2.86812,-0.779852,-8.0241,-4.34837,-8.10949,0.200707,-0.465381
-5.9739,1.57613,-4.01899,-2.03319,7.29115,-4.14693,9.03998,6.72945,-6.78888,5.76111,-4.31144,-1.16244,-6.21136,-9.2209,1.67657,-6.68997,-9.2629,1.5583,-9.23895,-5.07961,-2.60602,-3.18336,4.35457,-0.671057,5.33764,7.61049,-6.18315,4.28297,-8.16108,-8.19715,-1.9019,1.74683,-6.33051,-8.79556,6.59088,8.21388,-5.26343,-8.24408,0.155991,-8.0077,3.04467,1.11814,-0.736073,6.80042,-4.33567,2.64423,8.51281,-2.20248,9.36672,-7.6144,-8.59889,6.20755,-6.57402,-5.78448,7.57255,2.06828,6.25815,-1.92593,-7.00443,-3.32356,-8.88968,5.77248,-3.95042,2.86631,4.10711,-1.17419,-9.96499,6.18573,-1.57032,1.51517,-1.54099,1.72432,3.8752,-5.74888,-7.02426,4.18419,8.30075,-4.05777,-4.94518,9.9498,-0.839308,8.7026,-8.74189,2.90003,-0.536317,7.3558,3.85171,2.57805,8.49818,5.45223,5.69805,4.61068,6.84222,-0.940673,-1.60273,0.96322,-5.24138,-6.89913,-4.39512,4.20463,5.78404
1.06055,3.16851,4.03278,2.34471,1.38379,-4.97804,4.31646,-6.48343,1.01963,-3.12797,8.4752,2.41228,7.77562,-1.45179,2.55839,-8.39888,-3.07228,-4.72513,9.05533,0.620758,5.13574,-6.63367,2.4333,-4.58809,9.01297,-3.43378,5.31968,-8.54354,-7.18786,1.71992,-6.97683,5.41485,0.504769,5.97946,-8.0166,-0.171211,-3.14018,3.12825,-1.35396,5.61443,-0.786106,3.40247,4.1088,5.20885,4.75038,2.44725,2.41792,-2.3315,-7.03283,-2.15946,2.39569,-6.19001,2.3712,2.35538,2.8153,3.00251,-9.24212,3.81652,2.73578,8.52466,-2.16206,3.80653,2.82986,2.12168,-8.53927,-3.48753,9.05819,0.67318,9.95834,3.5606,2.82103,2.54364,-5.93808,-8.86514,-0.0834825,5.34696,-9.06116,-9.97654,7.80994,8.77465,-0.526749,-1.86304,-1.5852,4.74348,6.46944,-1.32851,-6.60504,-6.11195,4.21596,6.94229,-4.1073,-2.36322,-6.6568,2.20801,-3.5354,-2.48546,-5.46747,-7.99098,-1.77702,6.33398,2.16757
7.00234,-0.162876,2.27686,-1.658,0.92051,1.29461,-9.07854,2.66323,2.131,-4.6271,-3.84001,0.773445,-0.810779,-0.970867,-7.49636,7.55461,9.21053,8.04425,-4.51712,-0.656892,-1.35273,6.125,5.59511,8.55896,1.01294,9.83876,-1.50284,-7.7106,-6.9139,8.75047,4.45293,1.75774,-2.49983,6.77762,0.0265952,5.37158,0.159142,7.16525,-7.98617,-9.53943,-1.78528,-5.9273,2.61566,-7.77584,-8.14538,9.87466,-7.77159,5.34448,-1.47947,1.4837,-4.86265,-1.58241,-9.92646,-0.617523,4.63888,-1.49012,9.06238,-0.868359,-5.41017,-3.85389,-3.72448,1.61595,7.96611,-1.34163,-1.03557,0.940413,5.79673,9.28677,-9.14731,-5.00551,-5.17633,-6.92141,-3.01313,-9.74477,-1.07417,9.71399,0.0611057,4.19398,-9.18092,1.78559,1.57696,-2.05782,5.41823,2.84581,-9.21352,-0.566238,-6.36222,-2.04409,5.62528,-3.78232,3.70951,9.02905,-1.14495,6.97763,0.233689,2.01536,-2.67877,-9.1033,9.96598,2.30563,-7.9694
-8.69045,-6.07603,4.64893,9.29209,-4.26671,-3.71888,0.764913,-1.49112,-4.78455,-2.84471,-3.56705,-9.74151,4.65316,-1.08186,0.107082,5.66562,-5.07174,-0.746151,3.63452,-6.59802,-0.439834,-7.5924,-8.24845,0.646153,-0.0943488,5.8743,7.64271,5.70794,-2.22077,-4.06009,-3.6252,-7.2221,-4.63396,-9.1175,1.22448,-5.386,3.96021,1.20399,5.27491,2.98301,-9.89864,3.74699,-8.67744,-3.5819,-8.647,1.45575,-5.14188,8.70742,-0.503739,-0.764546,-4.41552,2.46663,-4.89401,0.194281,3.63608,4.30078,-3.46679,4.06354,-5.77919,9.87464,5.0016,4.38574,0.292481,7.2182,-6.60364,-8.94905,-5.12404,-8.07026,0.779247,7.32637,1.84723,-7.72436,7.03592,9.52528,2.94213,4.9301,-7.64022,3.39108,-8.56622,-2.58359,6.82569,-9.61323,7.60091,9.10002,-7.6857,1.84709,-4.27968,9.39537,2.11498,-2.00667,-0.189782,-0.484312,-8.70726,-9.19923,-7.23444,-3.91204,-5.92126,0.495751,4.09034,-5.2195,-4.41698
-9.00063,1.5841,-3.18527,-4.95181,6.66995,-3.90392,2.29154,-3.12667,-3.05506,9.77494,-3.11903,0.807476,-7.41653,2.4317,8.48377,-8.81963,-4.87443,-9.04126,3.95459,-0.915631,4.19104,-2.06352,-3.58254,-3.73029,-3.53424,-7.65869,-9.2266,-8.67637,6.95235,8.32074,-8.4207,-3.50717,-2.48202,8.96291,-3.53394,-2.4993,7.99457,-1.26479,-2.48887,-8.56208,-6.03487,1.18655,-9.79441,-4.31092,2.93774,4.62595,1.1354,9.40219,-9.4002,9.38697,3.76155,-5.13882,-6.74736,-3.23733,-5.87773,-3.55463,-1.01399,-2.07062,-7.63312,3.15981,4.79034,0.463829,-6.27962,-4.37004,-9.14377,0.722469,-1.23196,-1.80934,-6.03705,-0.149907,0.996287,3.12398,7.60506,-4.71331,-0.408228,-2.77219,-5.46579,-1.51091,7.74767,3.12761,4.11031,5.38407,9.3663,-3.65221,-1.62781,-1.69086,-8.5511,-7.78147,-0.299713,-7.37795,0.179993,-4.46117,-2.57781,-8.48251,-0.300218,8.22595,-0.527287,-9.81645,1.31525,5.9444,9.99466
-3.83018,-4.96241,-1.51817,5.80362,0.0599212,2.73985,-1.48447,9.39813,6.51895,9.96293,8.98793,-0.0410757,6.9344,-6.64693,-4.2155,9.27489,-6.5654,-2.45372,4.99157,-7.38705,-1.83085,-1.36043,-0.462136,8.10456,8.84064,7.64354,-2.29944,-3.34008,-2.25252,-4.98524,0.540057,2.92293,-3.44305,4.9416,0.574457,5.10443,-5.63867,5.53662,6.02177,5.91756,-0.685267,-5.1232,5.52756,-0.397156,-9.25559,-3.10641,-6.06492,3.49158,7.38462,7.54545,5.83991,-6.38489,2.29698,-3.54504,-6.6071,-9.06302,8.95652,1.84696,-8.61016,-2.34804,7.84757,6.13634,9.48621,-6.02908,-9.60396,-6.0903,7.6952,-7.69831,7.52558,7.47633,-2.27777,-3.16369,-7.54881,-0.367464,4.35809,3.96436,-3.94011,6.77868,-6.40242,-9.63786,-7.02202,6.94336,9.61271,0.620108,0.700888,5.39102,-3.86015,4.17185,-1.55798,-0.258548,3.98826,-6.5363,-6.23115,3.8262,-7.93784,-4.46187,1.67319,-5.12848,2.11054,9.58497,8.3229
1.1876,4.65721,-7.84442,-3.2161,-1.21042,-5.95655,8.04695,-6.46264,8.99713,2.57862,-5.34372,-2.58053,6.44942,-2.69482,7.51376,-4.97536,2.02427,1.48216,-4.3476,3.77795,-1.08992,-0.309775,2.71351,8.37386,-0.634941,7.13457,7.48772,6.43264,-9.87226,-1.92504,-9.04017,-3.51543,-5.18873,0.695268,-8.50399,-5.03992,-7.13108,-0.742736,-7.86942,-0.823241,9.41794,-6.33523,8.72808,3.60923,4.13669,9.21328,1.83354,-5.21076,-9.03622,-6.14423,-7.73705,5.56199,8.15991,-5.43567,-9.37952,7.27613,-1.62693,-4.85273,-1.83144,-4.08938,-9.54677,8.51994,-4.8037,-5.01821,-5.60367,4.3978,-7.05859,-7.44137,-5.13783,1.83935,-6.05713,-1.17068,-6.34224,-6.05452,0.760343,-0.0488074,2.55933,8.41897,-2.56206,-3.82925,-3.9422,2.91709,8.82921,9.28384,-6.71135,8.8253,7.06803,-4.85552,-9.58676,-0.366316,-9.63317,-4.59728,6.87115,3.03048,5.88426,7.99433,-6.1493,5.95558,-7.48456,7.66277,4.98842
0.156762,5.42518,-1.50948,-6.09197,-1.102,-3.92744,8.81332,5.63801,-5.62734,-8.70351,3.12521,-6.22348,-5.1484,3.88333,-3.08857,2.53555,-3.26337,3.86814,-2.077,-1.93356,7.75317,-1.25597,-0.142362,-8.79777,5.69833,5.76033,4.00338,2.3473,-7.2579,3.5872,0.185654,3.96211,-7.69264,2.65304,5.80313,-0.426242,-8.45394,-1.09416,-9.95088,-8.71247,9.80647,-3.13662,0.321216,9.65131,-5.4162,3.53805,-1.10189,0.0775162,7.0718,0.83871,-5.33998,8.81806,-8.43628,-3.66913,-6.30997,-1.17382,1.88118,-4.92362,-7.43835,4.06458,0.814196,0.167649,-9.52475,3.17113,-6.59702,-4.49731,8.6084,8.15215,3.27091,2.39582,3.1621,7.9993,-1.65858,-4.68978,-0.770035,1.88165,-8.24776,3.37837,2.83276,2.57067,-5.5016,5.47915,6.82636,-3.36057,-7.14849,1.80006,-8.77122,-4.30148,-2.02082,-4.7133,7.91491,7.94285,1.4468,3.64357,-4.64518,8.81187,2.63503,3.35572,-9.84986,1.21238,0.519245
4.9507,-2.08353,-4.74162,-9.72833,4.17023,-2.29907,-1.53233,3.28612,-9.85832,-2.40946,7.18543,-0.999648,9.74165,9.28809,3.37995,-7.37821,-4.11974,4.71832,4.33737,4.27736,-2.43194,2.69651,-9.9611,6.01299,0.285897,0.129739,1.14038,-8.79921,0.243698,7.86707,9.89391,3.35016,8.69038,7.42625,8.47997,5.65364,2.71383,-7.17888,2.51835,0.0725065,4.27949,-5.60385,-7.52162,8.43126,1.37433,-1.68611,-2.20343,3.6707,-4.94625,-3.10788,3.22943,-3.50347,6.95405,6.27057,-5.08618,-5.40998,-3.40603,-4.27307,-5.66036,7.8861,-5.53004,-7.32482,-3.75062,-0.646224,5.85163,-1.34842,8.85588,-6.5167,2.11956,9.37147,-9.45508,7.06857,-5.40311,-9.34197,4.28194,0.793828,2.44161,8.20893,-3.34986,-2.82579,2.91042,-5.7305,-6.72197,5.0054,-7.88482,-6.52436,6.16915,1.83174,-2.23267,-8.81422,9.856,-1.74525,-7.89746,8.51142,9.63197,-0.724162,-2.29431,8.46589,-7.54619,2.02657,6.71041
4.20147,-3.5156,-8.07483,1.57909,-7.63228,-2.16206,6.54191,-5.52103,-0.283132,0.312414,-5.51985,3.24484,-3.55269,-0.666066,0.412313,5.11887,-1.11635,-7.15763,3.39234,7.49716,-9.8946,-3.08063,-6.83146,1.04959,-4.2046,8.16959,-4.11955,2.32508,2.81433,1.92444,-9.13866,7.38022,5.5562,5.79806,-0.27372,9.02757,5.80669,-6.0764,7.06349,9.60533,-1.60796,-7.67885,4.44285,0.842753,-4.25127,0.257616,6.05521,-9.43696,-0.404102,-5.47288,-7.40984,2.54726,4.50787,3.32871,1.36278,-4.43335,4.382,3.49944,-4.47913,-2.54619,-0.358009,7.54951,1.05686,-8.42149,2.50049,-3.08618,7.92135,-0.173588,9.62091,-5.39828,1.10683,0.705602,4.53732,-3.00364,-0.636904,1.79738,-2.65694,1.23037,7.87019,-8.11717,-0.853077,-5.24074,7.2755,4.00353,6.22804,5.81121,-1.24949,0.803912,-3.88798,-6.15433,-3.36922,-9.82426,3.96456,-1.90124,-1.8376,2.19627,7.65023,-6.66903,2.75358,-6.61779,7.16002
-8.03037,-4.61823,1.21733,-6.80359,-3.04142,7.80829,2.46576,-8.0123,-8.3828,-4.2596,-3.37283,8.959,7.89803,-0.907989,-5.41581,-3.30178,2.00912,-3.81721,-8.11897,-5.09173,-3.96378,6.97968,-8.93781,-1.16273,-5.36409,-8.90951,3.90751,-7.0288,6.83118,-5.18195,0.891268,9.64817,7.75247,-2.3254,5.71997,-1.5386,3.93795,-9.72015,5.12403,-8.52738,9.39095,-9.85635,7.39659,1.04277,5.49242,-8.55789,7.10286,2.21973,-6.59301,1.57766,6.79339,7.62038,2.70053,-4.09261,7.08808,0.480078,-7.63403,7.68222,5.81157,-6.77652,4.18379,2.46887,-0.267771,-4.97487,-6.84305,-0.58924,-1.72957,9.53528,9.53898,4.39345,-8.45761,5.20244,-1.93946,-3.10671,7.11291,-1.61303,-2.94913,-9.00732,3.96516,-3.63895,2.86765,-5.86751,-2.04146,6.73509,-6.62159,2.52882,2.53359,-8.27063,2.06634,-1.43804,2.07676,6.66053,-1.94084,-0.0230324,4.85082,6.39086,3.64487,-4.15775,-4.2633,-0.980329,-5.06698
-8.13204,-4.81827,-0.132975,9.73235,-7.58337,6.6362,6.83852,-9.24593,-1.76871,-0.0234976,-8.78739,6.14921,-1.78233,3.32259,-3.82782,8.48122,-7.22406,5.52855,3.48712,4.85052,-7.83587,-1.83794,-6.64138,4.00348,4.96225,-1.42056,-1.28872,-1.55593,9.34672,-2.16105,-9.18333,7.86062,7.98628,-1.5057,-3.30592,1.99559,5.01332,0.571682,-2.9718,0.536093,-1.71649,6.07003,-0.561837,-5.00336,2.88517,9.13106,8.66898,-1.18522,-9.20117,-3.50778,-7.56596,-7.43545,9.53509,-2.05237,7.64599,-6.62074,-7.91272,-7.7744,-9.04002,-9.04397,7.31659,5.46194,7.42638,5.11196,6.48425,-3.54571,5.04409,4.40967,0.511102,4.19166,-5.83644,4.74178,7.13007,2.16997,-8.73582,-7.24337,-7.03818,4.78828,-4.49963,3.48275,0.297868,-0.2253,7.11631,4.95449,-3.3107,8.59215,-6.60224,-1.06363,-9.33328,-9.72497,2.26928,-1.52294,7.80551,-1.35423,1.54123,8.7081,-0.970836,-4.0598,-4.87452,-1.92031,2.165
5.63328,-6.36169,2.12236,-7.39695,-1.77199,-7.02087,6.90983,6.71996,-8.59846,3.60843,-6.70358,1.64681,7.68614,8.03916,-7.67437,5.85494,-5.52875,-6.19708,-2.3056,7.9696,-1.9806,3.47311,-9.03742,3.70824,-4.88029,-8.05406,3.45901,7.4222,6.65763,-3.30854,8.14906,4.57636,-4.00416,-8.64721,-7.52331,9.36437,-3.37211,-6.56639,-0.860289,1.58651,-9.70284,8.65646,-9.07719,2.58241,7.99953,3.04266,9.02836,8.67728,0.545472,8.20449,-9.4023,-2.77564,7.97452,-0.915462,-6.39045,-0.591621,-0.427041,9.85035,2.70526,0.677991,4.52099,-7.94702,7.78624,0.647876,2.72891,-5.56041,1.5467,7.8994,7.40069,-6.81566,-1.24753,-4.48331,0.968785,-8.20504,2.00236,1.66342,7.62735,-8.91206,0.998371,-4.55978,1.93582,5.30611,-3.78949,0.530948,2.42008,-0.329176,8.13169,-6.59157,1.22669,2.9235,-4.83762,-5.30501,-7.89405,8.95447,4.82452,-1.99364,4.2746,0.711123,9.77048,-2.81384,0.464882
6.53715,-1.14605,9.35591,4.79213,7.7983,7.99372,-2.58651,-6.0366,-9.99524,7.10868,7.15819,8.77664,8.43882,5.50795,8.71478,-0.399684,6.96631,-3.16323,-0.730879,-3.00703,-8.79944,-1.2628,-4.71834,6.00497,-7.3649,-5.41553,-1.41381,-9.22329,-0.396064,-1.97983,6.24556,4.83198,5.22744,-7.17434,2.84904,1.49552,-8.14757,-4.75156,-9.16166,-3.10554,-8.99243,0.109266,0.207419,-9.20222,-3.773,5.61176,0.704329,8.19921,-1.35059,-8.97047,-8.96262,1.53867,3.89641,5.17015,2.65837,-5.64042,-7.91666,6.58547,-3.50413,-6.32141,2.44972,-6.32369,8.88133,-3.44796,-8.22646,-8.48813,1.99116,-7.19694,5.26032,-5.93604,-0.36479,-0.821317,-3.11608,3.46527,-3.6667,7.08921,0.326028,-1.95784,9.36154,-6.70502,6.45683,-1.4505,4.85991,5.16106,-4.53214,9.7749,-2.22253,-8.15922,6.08572,-2.26205,5.92215,-0.374238,0.984016,2.17566,2.29865,-7.28723,8.22575,1.85763,-1.43504,3.53292,-9.88023
-9.74832,-4.81858,3.27689,-6.52816,0.568878,6.0328,3.23436,6.00358,2.80866,-2.64304,4.99805,-2.78066,6.79194,5.28055,6.74533,-0.783589,-8.51535,-7.78352,-2.23182,3.08978,6.63021,-1.26152,3.7398,5.71567,2.63287,-5.82717,1.47221,2.75188,-8.97732,6.29582,-9.87675,8.80636,-2.9556,2.09265,2.03307,-5.86026,-1.26217,0.493621,-2.6626,9.41579,-3.29902,3.47297,9.02812,-1.33496,3.94537,-6.62244,9.12966,5.07738,0.0384873,2.58449,9.27316,0.127375,-7.87091,-3.52534,8.49075,2.63048,2.56315,6.06784,-3.64097,0.874165,6.00489,-0.0559142,6.06804,1.86534,-8.57793,2.87163,3.04602,8.43567,-6.99933,-0.688659,-5.73437,-0.44187,-2.03302,3.12085,-6.49328,2.40353,7.71399,-7.63701,2.87088,-2.63069,-4.27735,3.5204,8.78869,-8.54805,-2.35992,-1.13915,-1.2109,3.84766,7.08272,-6.6682,-7.54121,9.3769,7.83187,-7.49631,8.99491,9.11504,-2.54515,-8.21233,5.72045,-5.09096,-9.24988
1.22925,5.96588,2.46533,4.98031,0.518388,2.05846,-4.80712,7.39299,0.768504,-2.86551,-5.91114,1.60601,4.86365,9.09873,-6.60143,8.54267,-2.91413,-2.30264,6.43332,4.10662,2.09442,7.99121,0.79762,-2.45949,8.76354,-2.59687,1.40256,9.82491,-0.348016,-2.71006,2.22475,8.80721,-6.03852,-6.6987,4.34151,7.41651,8.56794,4.36321,7.31346,-6.4774,-8.20731,9.90598,0.231343,-3.91041,-9.32291,2.37638,6.78733,-4.37973,-9.48942,8.05495,-4.24724,-1.98939,-9.90659,4.09997,-6.47999,7.85297,1.86456,3.52022,1.38173,9.97039,2.71665,-3.50021,5.44227,5.45968,4.97692,7.99936,-0.153229,3.32199,-4.13863,-4.07785,-7.74893,9.41462,6.53733,9.49582,-7.06012,0.785863,-5.23218,9.68416,4.0781,0.83549,-2.81565,7.50288,8.14263,-8.95263,8.14735,-6.77439,8.26157,-4.59487,-8.70525,-1.18654,0.573753,8.97412,8.55234,-2.96538,-7.04812,-3.29294,-7.43476,-1.44156,7.69406,-2.81772,-6.83397
-5.17763,-1.86361,-0.490831,3.47988,5.22537,4.27031,4.04353,5.61573,-4.09374,5.00821,3.19678,-4.66675,-6.09953,-3.09255,9.98612,3.66439,5.67203,4.23069,6.37413,7.99353,-8.75053,3.17219,-0.680866,3.7936,8.31684,-5.3116,0.99619,-0.757171,-8.87619,-9.86438,-6.03858,-0.0524446,7.72894,7.36594,-6.56992,1.57553,-5.31349,-0.000942746,5.14513,-4.30624,-9.80426,-9.48484,-8.60955,0.309738,-6.93522,-5.60285,2.94811,-7.38052,1.16899,-8.51392,-4.63048,6.54809,-0.808267,0.59233,-9.33285,7.16038,-7.85886,6.33175,0.321357,3.34409,-1.23462,-3.06105,-4.53424,-9.2088,-8.56529,-4.39606,-1.19889,-8.85085,-6.86636,-4.90475,-7.65128,-2.77072,-9.11949,-0.655884,7.73697,-9.59253,-2.1785,-9.8512,-9.87097,-8.64849,-2.46959,6.76491,9.85217,-0.707588,-8.93552,-5.89105,9.49048,-9.91306,-7.06698,-4.29117,5.5184,-4.83583,-5.49503,1.3513,5.44302,-4.39208,5.16788,5.61711,-9.97991,-3.95511,-4.07953
-7.95265,1.43353,-4.11372,7.68055,-4.22903,-8.33627,8.29491,-3.89425,3.77644,4.53277,-3.85293,-5.42027,0.848003,-9.6907,5.05265,-6.45641,-5.87716,-5.98145,8.23983,8.17504,-7.01065,7.37133,-9.59952,6.27344,8.60969,-1.21105,-3.61645,-8.82435,5.24697,6.37543,3.26582,3.88339,3.33514,9.50566,-7.92337,-4.43194,5.84032,-9.27336,-5.24664,-1.18163,3.69301,6.55154,3.91216,5.05902,9.72295,-2.82657,3.13788,-2.86344,7.11943,2.60717,-7.13726,-3.14656,-4.0313,7.58555,-6.73687,9.80184,8.24304,0.0231988,8.65631,-6.18726,4.87841,2.51228,-7.0703,-8.02608,3.7431,-4.81714,-2.39528,5.16445,-8.39007,-6.96188,9.28088,-2.49425,-9.64466,3.94745,8.75871,-7.71154,8.75303,8.97075,-9.64117,0.0486009,-8.97695,-9.28463,-3.57691,-6.13094,-4.06845,0.275965,-5.31653,6.30614,-8.7786,1.49482,-9.0965,6.68804,9.59902,-7.88261,7.69716,-4.22257,-0.0990329,2.43853,-2.85418,9.31724,4.59889
-2.2667,7.593,5.95578,-4.01018,7.48945,-0.827218,7.41081,-0.711526,-9.5503,-9.871,-5.49869,-6.17321,2.34197,2.11685,8.35024,-3.83829,-3.08696,7.2498,-6.49143,6.22253,5.08913,1.61424,6.5148,-7.30469,2.22876,-9.56915,-4.01458,8.64364,6.05646,6.32401,-8.01706,-3.76114,0.85621,-6.67907,-9.94015,0.198935,-1.57859,2.87631,-6.96117,-0.886846,8.22174,0.491805,5.0489,5.20624,7.79921,-1.14022,-3.96785,6.36627,7.42507,1.57398,7.4844,-0.194679,6.52932,-3.13884,8.06687,-2.33915,7.06617,-8.94946,-0.333986,9.61073,6.4614,-8.49748,2.8175,5.37493,-2.21315,-6.0151,3.14077,8.92959,6.0972,9.328,4.48049,-5.3954,-7.83887,-8.07271,8.95373,6.71276,1.7967,1.94713,4.68809,3.96753,2.94779,9.88891,-9.60391,-7.68352,2.45051,-1.96525,8.57862,-4.26104,9.93353,4.6507,-1.09475,-2.64016,5.27377,-0.931164,-7.82824,-2.74877,0.19142,4.48397,-2.83034,-8.30016,2.55444
-7.6639,-2.54661,-0.397428,3.3424,0.867736,3.43299,-2.40135,9.52017,-6.91491,7.92004,7.30586,4.40111,-9.81492,-5.58007,-1.94801,9.46469,-8.04535,7.373,0.367966,6.3741,-1.09566,5.39647,1.04767,7.67781,-7.80526,3.67045,-9.28644,-6.86743,8.85708,1.6477,-7.70609,2.56062,4.3115,-9.07187,0.0382493,-1.52589,-9.83063,0.293276,2.08515,7.54208,-8.77176,-3.15831,-4.6107,-8.21748,2.69362,-1.97565,3.32118,8.35775,9.11097,-5.14037,-9.40003,-3.88085,1.344,1.6408,-2.76986,-6.43263,2.23027,-1.76869,7.78814,-9.12328,-0.112094,-7.16231,2.68083,-6.72121,7.19907,-8.81263,-3.46845,-3.99012,-5.04983,-3.33451,-3.62951,-4.47978,1.17294,7.08018,3.31288,-3.08993,-6.06414,3.3143,2.4864,-8.219,-6.34142,-2.34478,-7.47585,-5.20201,4.4534,-7.92171,-7.14007,1.46058,5.39395,-5.79353,-8.30052,-1.23212,-6.87394,-8.04528,-1.40459,-3.66376,-0.395061,5.87453,3.29382,4.50948,2.56638
7.52334,5.01963,5.08825,4.37558,-6.16053,3.13221,0.132135,-3.884,-2.7221,1.01183,-9.40213,8.93629,6.6802,-1.40938,7.60432,2.19329,-4.40934,2.65726,-3.84859,1.02643,-3.60654,8.22223,4.21054,-1.50288,-6.04425,9.28902,-1.97333,7.44386,-8.18408,-4.12325,-3.3258,-9.59556,7.04188,-1.36822,7.59894,5.96037,1.31851,4.04697,-4.25619,-2.39188,8.79084,3.4772,1.03403,-9.75975,0.866618,5.34336,-8.66962,-3.58027,-6.59651,-7.41521,-7.54087,0.956681,1.14103,-5.50258,7.38658,-7.58774,6.77569,-8.89925,2.12721,8.48007,8.6839,0.730808,9.66664,-8.28555,9.66665,9.0071,2.37637,-6.31835,-3.9264,-3.31536,0.962089,-4.05224,2.92032,7.06749,3.00975,-6.57195,1.61072,9.73927,8.62854,-6.97876,-6.19871,3.05796,8.00465,-5.18255,-6.54777,6.19729,-2.16591,-5.41309,0.163525,7.92588,9.94601,6.61935,8.4666,-1.80797,6.43911,0.173461,-4.54987,-4.39835,5.70801,0.218168,0.414342
-5.0298,-2.85243,7.92059,4.38479,-3.26231,-5.22286,-4.85784,-9.02598,0.200368,8.37577,6.50554,4.18901,-9.79756,2.73029,8.23653,3.46951,-8.97488,-9.33134,1.84226,-8.15923,-3.91904,0.851346,7.88007,1.49465,-6.20458,-2.00196,-1.45292,6.1972,-2.3678,-2.70026,6.9336,9.68034,0.902496,-1.69554,7.82095,-5.18544,-3.33425,-4.4144,5.95723,4.53276,5.30513,-7.93002,3.91814,-1.34565,3.28809,3.32719,1.47227,3.17772,0.234209,-1.16271,-4.21804,3.19148,-6.84828,-5.99601,1.91991,3.22166,-4.7285,-4.30076,-8.99887,-7.95421,2.61897,9.39229,-9.99854,0.0624985,-6.0697,0.856716,-1.74061,-3.73105,0.731906,6.65908,5.17836,-8.2792,0.268813,4.88747,-1.16651,-6.95059,-2.63318,-9.19959,-6.94172,-4.58256,9.87311,9.63612,4.07735,6.49889,-2.5253,2.82391,-4.19849,-2.65427,9.50522,4.81698,-1.95673,9.1252,-2.39627,8.46995,-6.33106,7.04155,-3.44473,-0.261467,9.02414,3.50322,0.945765
3.27217,9.45875,-2.35796,6.52739,-0.888505,-8.20977,-7.75699,-4.58692,-3.31753,-4.16169,2.89215,-4.03983,6.05601,-9.40292,9.11639,-0.475645,7.70754,7.58267,4.72582,-3.0598,9.0403,7.92287,5.45298,2.26715,-9.4178,-3.95793,5.56149,2.19016,4.51454,-4.14651,-9.7844,3.3085,9.76251,1.60829,8.40904,3.29743,-6.08512,-2.50449,-9.01294,5.82776,8.04466,-2.33815,-2.14017,9.62443,-7.64862,-6.65832,4.81349,-3.20762,4.88203,-9.95554,-5.3722,0.00122744,3.00763,8.63141,-8.99199,5.97565,5.64168,0.675379,-7.47935,-6.51579,4.45384,3.94181,-9.03014,6.34198,-4.4655,-6.45651,0.733469,0.985019,-7.98641,-2.49425,0.758875,-6.45866,8.4135,-0.225826,-4.55498,1.11303,4.59142,8.41038,7.91075,-6.23447,-4.97403,5.89259,-9.1611,4.71716,7.72958,-1.40098,-3.01886,-9.91881,8.81446,2.56002,2.99469,2.57936,9.90689,-0.00778822,7.75306,2.35877,-8.98434,2.46503,-5.45938,5.00518,1.31331
8.64423,-1.54568,5.6645,-1.24612,2.59516,0.925036,6.33781,4.62267,-5.99856,4.31012,2.12661,-3.17105,-0.872291,9.06091,-0.715252,-1.60993,-7.1061,8.58022,5.16936,3.61759,-1.63986,-4.03843,8.88748,-6.95461,-7.83317,-8.49922,-0.161724,-1.60233,8.14215,-2.64268,-1.10592,1.77262,5.88162,-7.07779,9.84467,-5.45762,-4.91178,-7.81407,-7.52558,-2.4539,7.72403,8.95223,-2.14731,9.82631,1.58619,6.44652,-3.05448,2.21265,-6.36265,-4.65531,-7.14357,8.16669,0.471282,2.78081,9.23637,2.20367,2.94399,5.08141,3.01602,3.32755,5.20111,8.48266,-9.98288,1.03077,-1.02585,7.79661,1.83459,1.37278,-9.11017,9.55036,-5.46844,8.33769,-8.37836,-8.85994,-1.40446,0.382981,8.71305,-4.70987,7.78257,3.98368,6.92894,2.72785,-3.50256,-7.21058,9.52489,-3.5347,2.64387,-4.73674,-7.69179,8.93669,5.16283,-6.81535,-4.33121,7.19015,-4.05593,2.84272,-6.63294,6.13572,9.23813,0.360556,-7.79814
-3.17662,5.89529,-9.60162,-2.35678,1.26693,0.168451,2.08094,3.41419,3.98603,-6.19046,8.59368,-2.76048,-4.79154,9.76683,-0.724733,1.55956,-7.89395,6.36072,-2.62603,-8.94252,2.02008,9.92412,3.90519,-4.31898,-0.213641,5.72285,-7.43943,-3.74806,1.48372,2.1542,7.31408,-2.8093,1.97206,-9.24851,-6.52397,1.49339,-7.11968,7.89605,-8.4456,2.96446,7.50136,-7.01128,0.343495,3.54304,-5.86174,3.10368,9.61823,4.23881,-1.06917,-1.44442,5.62577,0.158672,2.29502,-9.7902,9.9573,5.73576,-3.12711,-5.70594,-6.46123,4.67256,-6.80745,-6.06328,2.33582,-3.62308,7.78383,-7.0631,-4.74788,-1.94742,8.08551,-4.86239,4.7603,-1.29483,2.59948,-5.09922,-8.37016,-8.12401,-1.65613,-6.57715,-7.29252,-2.49684,9.40373,2.23125,3.15099,3.44764,1.86347,8.00503,7.96141,-2.34995,-5.74462,-5.69348,-1.26188,3.81183,-5.0015,9.80564,6.60062,9.8382,6.10754,-0.125533,5.00835,-9.04128,-0.690179
-8.13662,2.90474,-2.94493,-3.35137,-3.19876,5.72762,-2.1192,2.03462,-0.55467,-7.69212,7.26551,2.64886,5.15188,0.242903,-3.31197,-6.66496,3.61286,-1.47968,-1.23235,6.60144,-3.04053,-9.10131,-9.68019,1.51502,8.25229,-8.801,-9.38573,2.36641,-6.85231,-2.48377,-8.35287,9.02447,7.14551,-8.71474,3.78236,7.07544,2.90073,5.9753,-3.12632,-0.126641,9.15184,8.37814,-8.73105,9.92039,-8.17035,8.75253,7.03446,-9.04466,2.07762,2.92803,-8.53023,1.29857,-2.74124,1.48514,-6.78607,1.64638,-9.33881,5.44739,-5.37539,7.11172,-3.31227,-9.73769,4.7863,6.73186,8.80198,-6.99844,-0.857157,7.32124,-7.41661,3.68802,-7.51099,-2.46094,2.98806,-5.12395,6.2218,1.38421,-3.68476,3.06533,-4.69597,-1.89098,6.52886,1.49616,-8.37409,-9.35282,-8.08957,-0.689653,0.660228,-3.09444,-1.5455,-2.85155,8.52392,3.13362,-0.989953,8.57021,-1.35374,7.61362,5.24774,-1.2335,7.22975,-0.790778,9.84556
-8.07887,-8.47955,-2.76555,7.74343,-0.482872,3.09219,-6.93993,1.98882,-2.74725,-6.47631,1.0916,9.52245,-6.9107,-5.88394,0.430561,-0.120212,-7.96353,-2.18336,-1.79,-7.28258,9.79818,-5.85571,-2.70556,8.1463,-7.66136,8.64331,2.94001,0.623628,-3.51094,5.812,-4.53364,-0.519232,-9.29998,-6.89421,0.534954,-5.34316,-7.68215,4.5268,0.837038,3.20023,0.897179,-7.82806,-7.62658,0.548514,-1.89583,1.96288,9.35142,-5.26254,7.6406,-6.72453,5.07971,-1.90897,2.64016,7.97579,2.64417,8.98632,7.38114,7.43498,3.31231,-8.63154,-1.28885,-0.0475221,-1.23058,-6.15724,-2.39576,6.22073,-5.36039,-6.37858,0.32635,-1.02758,-6.53596,-8.81907,7.60794,3.79824,-5.15586,-2.55672,-6.52914,-5.26795,6.92967,-4.7174,3.60743,3.82214,-3.82023,0.366685,-2.80321,0.550406,6.10906,4.48287,0.834848,-7.69303,4.80885,1.67064,5.82903,3.17672,4.23712,6.06056,0.956473,0.665653,-3.73083,-9.51094,-9.50865
8.8518,-3.24303,4.22533,3.9617,6.34225,5.23679,9.51512,-9.73976,3.26781,7.80477,-6.48746,-9.87833,-7.41647,-5.55638,-0.672986,5.90507,2.36301,-2.85262,-1.68896,8.02127,-0.188272,6.3173,5.43068,1.9835,-8.09813,-8.48043,1.33744,-7.3145,2.32,8.84826,9.20499,-0.110927,7.4288,3.63421,0.939292,-2.84213,6.6602,5.61185,-8.45932,0.619807,-9.9487,-2.82054,9.88033,-0.315297,8.83623,-9.67228,1.2324,9.82873,0.870616,-3.57424,5.73453,-3.78213,1.0924,-4.1394,-6.98285,1.80398,6.61754,3.46286,0.51537,2.11035,7.71466,9.5711,5.25979,-3.20786,-0.355325,1.13222,0.733482,3.12683,-2.26802,0.506967,-9.96577,-9.24343,-8.32426,8.34787,-9.91328,-8.65527,-3.49091,-4.20313,-3.40194,-2.85788,7.94796,-8.62443,9.61258,-1.30678,-0.298583,3.21593,-7.02262,-1.43402,0.864513,3.56214,-6.22074,1.82496,-1.3053,-4.09871,-3.66929,-1.92742,5.87896,-9.16046,3.75003,-6.61597,-7.526
9.22788,9.16272,7.26174,4.3465,3.04746,3.43879,-6.97323,-6.01116,6.91486,-1.30755,-6.34597,-3.79509,-2.32356,-1.15965,-4.64928,3.51821,-3.17749,4.56296,0.249017,1.5958,4.22155,0.0400644,-0.475523,-0.00474779,0.447547,-0.315273,2.7124,3.27348,7.07229,-4.59489,6.98664,4.40908,2.66469,9.93644,-3.78874,3.95099,-0.517197,-8.10475,-9.13075,-0.760359,5.70212,-7.6089,7.76521,0.0915578,-5.45986,0.091899,-0.768776,-2.55916,1.90385,3.26162,-5.86188,-3.7592,4.89991,3.04267,9.63989,-9.98186,8.90042,-2.94769,4.70863,-5.5029,7.25807,1.32496,-9.51298,2.52852,6.36203,-3.4202,6.58188,0.669797,-2.60949,9.68377,3.87289,-9.61059,1.37589,7.1766,-8.80704,-4.73109,-6.45692,1.6389,-9.17066,3.78742,8.32667,-4.77495,-7.57077,-0.951548,-4.64408,6.09606,6.78003,-8.87471,-1.93634,1.12851,3.98486,0.399306,7.10924,-9.49506,-2.77519,-4.38697,-4.42548,0.903685,-5.38642,-7.71196,4.72263
7.70629,-3.70119,-0.916985,9.11908,1.69933,-3.92354,6.29752,-2.1164,8.53774,-0.882438,-3.665,0.0936722,1.47963,3.42929,4.43911,-7.41117,4.3689,0.634136,3.60082,-2.60062,6.46409,6.39124,-5.34039,-7.81535,-3.03278,4.30572,7.48957,-2.71112,4.50683,-2.00634,4.41807,-5.68954,-7.21665,3.68632,-1.8773,6.07366,-6.50027,5.72143,-5.83116,-2.71467,4.98097,8.57929,-4.91029,2.58023,9.0189,-2.61511,-1.09552,4.0393,-4.75769,-3.52274,-5.58016,-9.61489,-5.56134,-4.01532,-6.58436,-5.70334,-2.82996,-6.64564,-0.149205,6.57654,3.53546,-9.5379,7.14036,-4.61374,8.95795,-0.067919,-5.07462,-8.16471,-7.43388,5.72266,0.788689,8.8037,-9.87732,7.36244,0.145923,2.30172,-4.92469,-9.3897,-5.99581,7.92494,-9.42586,7.62016,8.11346,-8.87318,-7.68225,7.69435,-8.98688,-6.08946,4.5291,-0.0517248,2.75802,-9.1836,-9.99245,-0.975158,2.32692,-0.58769,-2.5025,-2.15196,8.12108,4.53281,6.19068
-7.51407,-3.41698,-7.7455,0.0943859,4.12906,3.7197,-5.78152,1.24736,1.61872,6.91744,-5.02617,-5.51887,-1.01784,2.87447,8.72573,4.24433,-7.25745,-1.78597,-4.63477,1.97374,5.42355,-5.73786,-9.54991,6.33218,6.83008,8.30985,8.82695,-1.75406,3.27698,3.38575,8.58966,-4.31754,-0.798137,3.87348,-9.62371,-5.02456,-6.14447,9.73559,2.88016,4.174,-9.52373,-5.78899,7.83755,-2.40316,8.63094,6.08088,-6.53777,-2.44242,8.54982,-1.43365,-0.314878,-2.9998,-4.92383,6.36129,-6.00715,3.23397,-1.79787,-1.50565,9.8416,-1.34745,-3.27079,-6.34265,3.38559,-7.76661,-3.5948,4.69806,-3.46946,9.32127,-3.14985,8.70841,4.97986,-0.830887,4.1519,-6.84031,-3.62695,4.55879,7.24181,-0.164652,-2.84281,4.63053,7.3737,-3.52858,-2.89436,3.66391,-2.64444,8.9973,-4.91221,-3.91933,5.22544,-2.48166,4.05729,-6.64015,0.09042,-3.37381,2.5579,2.26205,7.19665,-8.68091,4.46101,3.95924,2.22179
-7.92148,-9.92841,-2.92779,-7.56067,4.41608,2.75047,-5.16364,6.61377,-5.67762,4.16407,0.827865,1.42857,-0.231025,-7.83753,8.13439,7.66153,-7.69343,1.60668,6.68655,-2.1813,3.74174,3.61823,-5.90291,-0.984417,8.43537,5.82135,9.8186,-3.88854,-4.82117,-5.06957,-4.05773,-1.67844,4.71032,-3.58181,0.189853,2.95924,6.51278,7.33715,9.55488,1.53808,6.8376,9.88306,8.29638,-5.86841,-6.37816,8.70965,6.63974,2.2076,6.12408,3.02675,-9.37319,-5.69786,-0.754839,-6.37871,9.08852,1.51074,3.03335,8.1214,3.94861,-4.77663,9.61241,-8.51847,-2.95737,6.8987,-4.43519,-7.64217,-0.717748,-8.01974,-1.74253,4.23507,-0.388117,2.51216,-6.56908,-4.21799,-8.6677,0.840202,4.17379,7.62792,-2.33172,7.39447,3.6065,-8.94703,2.23315,3.25454,-2.4787,9.27184,7.66318,-3.61447,4.62683,-8.58658,3.93722,8.79478,9.94623,4.36393,8.40648,-3.38561,-2.96425,3.31248,-6.95911,1.53299,7.65676
-6.21467,-5.97862,-8.30666,-3.12681,4.55782,4.30922,6.57247,-6.88169,-7.64913,4.69466,3.36065,3.21592,2.56259,-1.4431,6.07391,8.24575,0.730888,-1.04314,0.853916,1.69214,1.9661,-8.99795,9.93011,-4.5188,-8.13122,2.7169,7.78278,-0.118813,-2.97883,-5.89497,3.35363,-5.74419,1.60951,5.36809,5.27516,3.28827,1.74415,-8.76082,6.95379,-6.94228,-7.64135,5.67482,-5.99239,-3.52678,9.65942,-5.31682,-8.54101,-6.4942,5.61088,-2.37167,-8.48815,-0.396681,-3.2615,-8.76323,9.79507,-4.93781,-1.84267,-4.79062,-1.80596,-7.11279,-6.39424,-9.55582,-0.887413,3.41455,-1.36512,-2.51973,-7.10404,7.23827,2.67802,-6.7667,-0.989402,2.97591,7.42967,-4.51122,7.10371,-8.0145,0.167683,-7.07988,2.28878,6.35836,-8.36888,9.9134,-0.356362,7.33457,-6.62405,-9.46812,-3.40902,-6.38592,-1.24979,-8.45224,0.886952,1.67165,-6.12226,-1.32565,6.70846,4.08285,4.9462,4.71004,2.13023,1.5409,8.82214
3.32647,-4.33553,8.1189,9.09532,0.369196,-3.7574,-7.71479,7.33429,6.37677,2.27846,-9.12113,6.28281,-9.25092,-4.03897,-3.31811,-2.39329,5.85459,-5.01142,2.67212,-0.298366,-6.57001,4.42355,3.68039,-3.43931,6.19709,6.0768,9.96095,3.87168,7.08884,-9.51087,5.52852,-5.12729,0.071652,5.19248,9.40167,-5.42496,1.42382,-8.06725,7.4256,6.5732,-5.99881,1.03961,-9.97421,5.28102,-2.68593,8.93448,-1.80344,7.9397,0.193787,8.09972,3.73963,-5.69748,6.26405,-9.23885,-5.83733,-0.289566,-1.22538,-0.15137,2.45054,3.56483,-4.55327,-2.91479,4.48456,-9.57106,-9.81776,0.156961,-0.565478,1.63227,-1.80951,1.88372,5.59633,-8.81992,7.59413,-6.40459,-3.05964,3.6837,8.87446,4.44945,-2.43424,4.84689,-2.75167,6.52545,-1.90803,-5.06257,-4.33723,6.43666,-9.01263,-8.00772,-0.190697,4.09138,-2.14578,-3.62791,-8.32866,0.608616,6.55119,-3.39284,-8.61909,-7.59178,6.58108,3.9343,-4.38159
-3.70156,5.03436,0.561693,-8.39523,-1.71499,2.09446,7.35777,3.47905,4.48502,2.97079,-8.91415,-9.74545,-9.51872,6.16549,6.1173,3.75062,-2.77951,-5.73922,-7.57479,-0.443411,-1.21602,9.82014,7.7328,-3.57111,-4.77853,-5.5629,0.55745,-0.862875,-4.15945,4.46421,9.0875,2.84239,-7.39697,3.78097,6.1439,4.67224,-4.277,2.89012,8.00391,6.5584,2.12798,-7.67658,9.12041,-0.342986,-5.56233,3.72333,-9.86945,-2.62711,-3.92145,4.24324,-2.04149,-9.65211,-3.39918,6.0467,5.43232,9.40581,8.15324,2.6808,3.73336,5.45636,1.21083,-8.93858,-0.90438,-3.6512,-7.74769,-9.73374,6.69022,-1.57149,8.32417,4.6854,8.62648,-6.72743,-4.31869,6.96847,3.38381,-1.21853,-3.48583,7.64092,8.03991,-9.69011,-2.30512,2.8695,-5.06173,-9.74836,-4.98346,2.3184,6.55944,-9.53585,5.18695,2.6543,-0.710343,2.8798,-9.87597,9.62287,2.22988,-2.83126,-0.0706065,7.51471,-7.33063,-2.06395,7.39846
-7.49671,-3.7364,9.6705,-9.99958,6.39237,6.41261,-3.884,-8.58472,-9.03466,-2.13763,-7.66233,-7.01317,3.71093,-1.14208,8.12107,1.7984,-5.78544,2.48621,-0.542525,9.97364,-3.1732,6.3836,6.05745,7.99387,-2.88898,9.28433,3.85845,3.2009,-0.400967,2.20942,-4.23834,-1.31005,5.21909,5.95692,8.9929,4.78992,-7.20475,-3.48223,9.56399,-1.44245,-2.40547,7.91133,6.43297,-3.91497,-6.27539,-6.42698,4.95291,2.0947,1.71237,6.95417,7.94989,3.51084,-2.74517,-2.31569,6.40679,-8.47072,8.1931,5.67702,-8.40372,6.98969,5.79885,3.67756,8.07127,4.64597,5.72287,9.83809,9.06959,6.63366,8.09293,-2.59291,-2.60714,5.54981,8.0832,-3.24605,7.57653,-9.30611,8.43052,0.795567,-1.31854,2.23539,-4.932,-9.07464,-6.7209,1.64878,9.8385,4.14187,-5.31607,-8.02494,-9.40341,-8.128,2.76543,-6.68743,-2.78494,-0.295219,-4.95848,3.22418,-3.15473,4.2951,1.52794,-0.132143,9.46408
-9.64307,-5.96978,-5.67519,-8.74911,-6.61607,3.42277,1.79906,-7.58174,-7.93374,7.47147,2.92928,-3.88,-6.71472,6.88315,-0.584446,6.44011,7.93967,-2.03946,8.18462,-2.9977,7.09917,5.30822,-6.21838,6.05054,-1.74989,-1.69635,-7.66465,9.74549,-1.70818,-0.973903,2.44978,8.29053,-9.04644,-7.22205,-9.34297,7.72454,9.81295,-2.44112,5.90478,-5.25286,-0.460158,-0.36097,7.71117,-7.88135,-4.46736,-0.940837,8.37147,-5.83632,-1.02435,-1.95884,-5.0926,-7.18664,8.16933,-3.81051,-0.109934,-0.459773,-2.58732,-8.80772,-0.684223,-1.08928,7.8251,1.98854,-5.16548,6.85613,-1.59248,-5.63915,5.9002,6.13099,7.96051,-3.75634,-7.89839,-6.07784,1.3924,1.7398,9.93129,4.51834,-5.73872,-4.77689,-4.52098,7.96692,-3.74257,-5.33399,5.24415,5.69822,7.40939,-8.02873,8.9354,8.13555,8.78626,7.22695,-2.42561,-7.97166,0.502833,-1.44061,-1.56761,-0.0364864,-2.98042,3.54331,1.78914,0.273653,-2.38526
-4.63865,-0.87082,-5.80957,3.60452,-7.78092,8.13974,5.12289,-1.71151,4.78013,-7.87071,5.1771,-8.45806,-8.97566,-0.170988,4.41818,-0.609108,-7.50687,7.08323,-9.05044,5.95007,-4.76223,-9.85032,-8.5979,-0.856032,3.0094,4.58039,-5.37884,9.81816,9.82179,-0.749191,2.07053,-3.01084,0.257869,-1.36904,1.12027,-3.43786,5.82852,-6.44442,-3.63657,1.59368,7.11224,-1.61581,9.55629,-6.96984,7.82149,-9.09547,4.22327,3.06198,9.84079,1.93961,0.594608,3.51416,9.16512,-9.2591,-3.28378,7.23792,-0.728879,5.30377,6.80507,-8.06994,-4.92737,-8.34374,5.03544,-9.41806,1.60996,-1.73376,3.69249,-9.02211,3.46591,-7.25543,9.17837,-6.9991,-4.82535,-8.29574,-1.80914,7.03309,0.22659,8.37299,-2.52751,-7.77512,-8.05305,-3.07841,-6.55104,7.45265,3.34896,-3.81582,2.59607,-6.48986,-7.88967,3.04151,7.73237,7.75058,-5.81989,3.24822,5.84731,-6.67985,-7.39192,-3.05715,-1.31467,-3.31504,-9.58535
3.78972,0.266191,-6.0358,-7.43712,6.81068,0.128991,-6.8767,8.82007,-5.01098,-3.46104,6.2667,-2.09164,-3.2179,-0.631814,6.7377,2.99428,0.854136,-1.25601,-3.83717,6.35561,-1.57857,-8.98686,-4.88554,1.00713,-4.51787,4.5731,3.04818,-0.711499,-9.26572,1.92444,3.32562,-1.06408,-4.13824,6.84842,-2.45084,7.44621,5.47127,-2.789,2.68578,5.42137,-7.92315,-1.72953,0.14504,-3.8219,-0.747895,-0.720516,-0.517858,-6.89877,5.62475,6.97002,6.77401,-3.07309,9.51315,-3.78559,-9.47036,-7.77623,-8.07305,9.73227,8.85932,-1.0731,-2.0228,2.50961,5.43814,0.197367,-7.78585,9.8101,-8.27108,2.68103,8.78505,-3.45796,7.61424,2.23463,1.62401,7.413,-9.15243,-8.35408,8.21625,-6.06548,-1.38878,5.38963,5.09504,-4.32726,-8.99112,5.18625,3.30956,5.37714,3.59837,-3.73948,-7.13178,-7.922,-0.774472,-0.309257,-2.77437,-7.52301,3.20229,0.811096,6.92486,2.58313,-2.40353,-2.9477,-5.1368
5.95131,4.03164,-2.00044,8.44623,1.84871,0.307469,8.91017,-9.2453,1.44468,-5.10684,-7.18058,8.89997,-1.07138,8.45604,9.37482,0.224789,9.25595,-8.28744,4.20445,3.74979,6.01815,-7.55947,3.38799,-2.11498,-1.62039,-1.75857,-8.87667,1.94313,-1.59056,-0.203064,3.44377,5.56212,-7.72397,1.25568,5.33489,5.56494,8.76277,-7.60374,0.326651,5.61963,-6.34872,-4.94175,-0.591065,5.36581,-9.98627,-2.47947,-6.93959,-7.0021,8.78484,0.90648,9.04911,0.297043,0.196068,-6.92298,-2.62113,5.55661,2.69727,-2.41246,4.26063,-5.11123,-4.7288,-4.77205,-6.70297,3.48224,-8.99295,3.84718,-8.60676,-5.86044,2.08241,-9.37681,-0.403147,1.91766,7.55169,7.49212,-6.7257,8.9941,-4.28502,7.72086,-4.51732,-7.94026,-8.06154,1.98156,7.22532,0.925247,7.41925,3.3618,7.45497,0.61041,-2.78913,-4.68417,-5.03074,-5.66773,-3.09642,1.02659,5.9001,4.36757,-9.41688,5.92115,-5.1838,6.03539,1.25075
-0.501669,2.24997,1.90771,6.97794,7.5035,-3.71108,-8.00242,8.62323,-3.45506,3.49965,8.56595,-3.07463,4.0602,-0.206038,9.18757,8.57091,6.97112,0.2364,-9.44912,-0.0902975,8.71986,3.8056,-7.23074,8.61568,6.21408,4.05063,3.90156,9.04225,0.760645,6.9486,6.05003,-5.79248,-0.155135,4.26923,4.78097,1.96579,-5.59706,4.42677,1.31673,-6.06038,3.83329,3.54003,-5.47233,3.25671,1.71996,3.79789,5.62415,-3.37625,-5.7979,-1.86418,9.9191,6.76134,9.88692,-3.06273,6.83008,2.41497,-1.95975,-6.02908,-8.52056,-5.39551,8.95834,-6.81306,2.65107,-8.17261,4.49147,-0.471046,-2.35825,-1.05312,6.78962,-3.35674,-7.60781,0.539338,0.797667,0.128818,-4.58453,8.55203,-9.12817,-1.33462,-6.48393,-9.76633,1.9513,5.54323,9.96968,-1.96793,-4.28268,-3.30571,7.71636,-4.56787,0.397453,-4.63474,0.108231,-4.57409,9.89196,-5.3102,-5.69906,3.75351,-3.90937,6.35359,5.13933,8.47802,-3.18401
2.78301,8.40918,6.8363,4.97424,5.65567,-0.783462,-9.6441,-4.82786,7.12839,-8.85196,-3.73398,-5.85537,-7.00762,9.06068,0.491575,-5.6601,6.15975,0.222575,6.39903,-3.3548,-6.96314,5.49746,7.36383,3.64654,8.02017,-1.601,-9.33872,1.85008,5.592,-3.93264,-8.74165,5.47502,7.38515,7.03811,3.88326,1.07112,-4.6985,2.9633,-4.46199,0.0292836,-8.88386,-3.34051,0.988996,-2.96912,6.18339,-6.79819,9.95801,-6.59552,9.36218,-7.32728,-5.67368,-8.75311,3.80457,-5.10055,9.76951,6.5871,3.48278,1.85822,-8.74722,-2.9133,-4.23605,-4.07149,3.32916,7.28756,-5.28643,-9.57662,-0.341381,3.24059,-6.27891,9.99625,-7.69183,-1.0824,9.13862,0.127463,6.54665,6.01991,2.7052,-3.77436,-0.408809,-3.72431,-2.176,-9.59664,7.03872,-1.80396,4.35742,5.57057,-0.0537005,-3.9772,-8.53269,-0.845586,5.45782,-7.57867,-5.18399,-2.86345,9.73862,2.28969,5.86248,-2.33942,2.23807,-8.39772,-4.90691
-0.225939,2.36195,1.58731,1.97869,7.1604,8.35479,-0.71719,-4.24528,-9.12459,-7.08528,4.68792,3.97678,5.61136,6.79605,-7.05675,-3.57199,8.63335,-1.15504,-8.95712,0.0447184,8.22488,5.17638,-7.03757,6.59035,-3.72748,-9.85884,2.18049,-9.20344,8.01821,8.5552,9.95278,-3.49113,5.64521,-8.4776,4.52102,8.88793,3.62438,-9.77648,7.85591,-3.25087,-4.91156,6.78346,3.51615,-6.15724,-2.88711,3.64497,-6.15016,-2.37645,3.01883,6.88933,5.13778,-7.29976,-8.6713,5.82068,-3.0421,-7.20347,3.2973,-4.0053,-8.96201,-7.34516,0.435216,9.49856,0.0891096,6.98144,-6.68773,0.195367,3.41513,-8.53776,3.98513,-5.83473,2.32469,-8.87956,-2.87598,7.51293,-0.585518,2.49254,-7.40263,-9.25869,-2.32551,-8.98078,-8.03602,7.80992,1.69088,4.06571,0.713141,-5.83484,5.37858,-9.5004,-3.2269,2.61761,1.51692,5.63092,0.592923,-4.9256,1.74295,2.87292,3.72303,-9.51861,-0.145244,4.85771,-8.93851
1.08854,-0.298102,-5.31257,7.56339,-7.8005,-1.87206,-7.75354,-8.22239,7.54412,-3.31182,1.18595,-0.388918,-8.19755,0.448427,5.68934,2.50748,-1.54931,8.24241,8.87212,-0.290331,6.10387,3.28482,8.36962,4.77988,-2.30114,9.83162,-1.14746,-4.37993,3.66554,4.67191,-4.64647,3.30138,-5.67114,-3.57086,-0.973449,-2.5864,8.58223,5.9942,2.7421,2.32142,8.85613,2.72011,-8.93687,-1.01064,7.60631,7.45743,0.450068,-4.84716,-1.70704,4.97913,-3.26699,9.16472,-5.8173,9.6717,3.13126,-2.71272,3.68188,5.44746,-9.71081,-7.22219,7.47072,6.42703,-4.70566,-3.54543,-2.32231,9.20389,5.01756,6.44131,8.85342,0.511464,3.03923,7.59937,-2.48969,6.07201,-6.32798,-4.24042,-2.64709,6.00835,5.92686,-3.55489,7.45152,-8.97654,-0.859809,-3.10274,2.39963,2.75602,6.43775,6.40583,-8.38401,9.59505,-7.16448,0.43053,-6.76041,8.07548,4.11668,-6.56216,7.49627,5.59565,3.86866,-4.63995,5.71453
-8.88407,-2.66742,-6.63222,3.59211,-3.63106,0.890354,-9.22711,-8.75294,-9.58341,8.36322,8.29094,-9.63141,-0.200783,-6.07227,6.09991,6.65195,4.34299,-9.31189,-1.06829,0.47133,-5.99127,-0.61852,7.3845,4.67046,-1.74891,3.61703,7.22458,5.17456,5.95185,9.9628,0.234096,5.09494,-7.86316,7.69929,-2.04235,-3.84436,6.27,0.013531,3.785,0.717878,-1.35009,-7.41389,8.53449,0.830574,3.68689,-2.87655,0.633984,-5.17181,-1.62524,-7.53366,3.39435,-9.25904,-4.04556,-0.488314,-8.14679,8.44579,0.892515,3.84458,-7.14708,-1.92884,-2.20595,7.07876,-6.23765,-1.56192,-7.96568,-7.45856,7.16944,4.01893,8.79099,-0.04288,-3.16738,2.60747,-1.85357,-5.73192,-9.25151,-6.67638,2.0001,9.49353,3.04746,9.60385,-9.93102,-2.62169,-0.813668,-5.76591,8.46463,8.91669,0.198398,3.32037,6.67375,6.16508,-8.42308,7.75458,7.23687,6.697,1.8822,-9.93813,5.65167,-6.34575,5.02951,7.7209,-5.72716
1.31882,6.141,-4.76379,0.106555,3.87765,4.33581,-0.869276,-8.42062,-4.30295,-3.47928,-3.50373,-5.50858,-1.02743,-7.31714,6.61032,9.72178,6.48492,-3.48738,-8.52559,2.9364,-5.71038,-7.07654,-3.30223,-0.800594,5.48961,-8.30333,-5.72056,9.48288,-0.813041,8.01992,-0.13044,-9.46147,-5.0726,9.19013,7.77917,-4.79301,7.59063,5.25368,-8.83313,-2.39494,-6.13143,1.54367,7.3626,-4.15811,-8.79443,5.33483,0.0521888,-4.01509,4.21763,1.03164,2.5326,-0.269216,6.10142,7.82563,-7.00398,-0.237845,-0.525024,1.92408,-4.74362,-8.55615,1.01791,0.334778,-8.41029,5.83514,2.05427,-9.55668,1.80246,-7.71982,-6.06467,4.50488,5.59346,-3.03951,4.27509,-5.59682,-2.47319,-0.426343,9.14683,2.53268,1.56098,-5.94884,-2.64937,-1.21297,-4.30829,-9.24528,-9.78704,-9.85387,-1.53666,7.01598,4.39806,-3.9797,-2.69854,-1.82873,-8.72912,9.71096,-2.37733,-2.25184,6.70007,4.67439,0.97284,8.93493,2.76849
9.46104,4.58659,4.61575,9.58129,-9.86575,6.95287,1.43674,-8.32022,1.44033,-2.53169,7.55019,-1.90945,-0.30323,5.4632,-4.37817,-7.477,8.64076,3.1333,-5.13212,7.87099,-1.72153,0.904181,-9.77444,-1.50057,-5.20806,8.12349,5.54631,-1.86303,-8.19902,-2.22062,-0.761016,3.62123,-5.89306,-3.3822,7.64324,-8.39828,6.22633,0.15896,0.0457233,7.91876,0.028429,9.8282,-0.0317844,-1.36115,-0.629586,9.60646,5.66005,-7.35411,5.13977,5.50443,6.0815,-0.407747,-3.237,4.64574,-5.94632,0.612707,-7.16347,-5.929,-8.70313,7.22477,-9.18155,1.07007,-4.57389,-0.0772777,8.93805,2.98729,-6.1422,8.1356,-1.10423,4.28319,8.90307,-7.05692,-5.18421,4.96249,-2.84141,3.83206,-3.21331,-5.98094,-5.79452,-1.52792,-0.473614,2.9331,-1.66365,3.59667,5.83043,-7.52066,-3.09924,-0.945096,1.31745,6.7535,0.839146,-6.87722,4.6746,-1.39114,3.69406,3.71699,-5.23873,-5.09278,8.82142,-9.7193,9.54711
6.81934,1.89555,5.3496,1.44482,-1.34138,2.53943,-0.0474815,-1.85443,9.1086,-8.54898,1.53865,-5.60702,5.1766,-6.13333,8.76241,1.81499,4.72775,-6.04117,-8.38898,-5.1758,8.69225,0.605292,2.33478,4.73963,5.67604,-2.3891,4.00396,-3.73718,-6.2824,-7.30736,3.86139,-4.69195,5.86798,-6.68624,-1.91565,8.63772,-9.23941,-7.75581,6.5789,-4.39493,3.94079,-9.18511,9.25197,4.2183,3.92459,-1.47858,-9.34846,-0.506308,-9.03588,-0.430444,8.06314,3.03515,6.28462,1.1941,-0.213233,-6.4184,-6.24623,3.95772,-2.98168,-3.92546,-3.36712,-4.74405,3.58249,-5.96625,-1.62548,4.65158,8.35323,8.58681,0.763546,9.8912,1.70688,2.509,8.2789,0.719477,-5.00219,4.8028,5.64707,2.97859,-2.59154,5.15033,6.71071,-6.88446,-1.92591,4.37393,3.01009,7.53335,-6.33659,0.851378,8.12106,3.22081,7.94165,-2.10138,2.82212,-4.49951,-5.33939,0.757036,6.92005,-0.77796,-9.52648,-1.37237,5.74797
8.81847,-9.57777,-1.48736,-6.19585,-8.18977,-1.78223,-1.89231,-3.71412,-2.18718,4.10909,4.81686,9.04168,9.81874,-2.78637,7.46794,0.0823355,3.91948,9.97749,2.96768,-0.631949,-0.46988,-2.49935,-5.20125,9.04459,3.6287,6.10011,-0.231215,8.80642,1.72882,-5.49693,1.00247,1.81517,-7.74548,-9.51274,8.17704,-3.73036,8.94558,5.27254,2.55881,-8.80055,-4.51077,-5.95228,9.49997,-7.09401,5.86378,0.14246,6.53105,1.25958,2.65366,0.452225,-3.08522,-1.05129,1.35105,2.68253,-6.33441,-5.58309,3.93561,8.31391,-7.24811,-2.70889,-4.43668,9.82224,9.37793,8.11617,5.32466,3.1198,8.64647,-6.83927,6.08803,1.6796,-6.49559,2.57132,-6.91287,-4.78799,8.06351,-3.86026,-0.238207,6.85166,4.59374,6.30867,-6.89859,3.19623,-1.16583,-3.10932,-5.69217,-7.38412,0.929872,-5.78242,0.144553,-2.70694,-6.313,-5.17189,-3.18775,-9.97652,5.58492,0.917735,-7.40734,-8.01704,-6.31894,-2.00219,-3.6822
2.52544,-6.01253,5.99823,6.82737,5.50182,-7.65187,4.44307,4.88757,9.14942,-0.088758,-6.82871,0.821789,0.157309,1.9543,-4.3623,-7.73687,-2.24548,-6.73138,4.53726,-6.17545,-9.00183,-7.80778,2.19914,4.50255,-8.26702,5.02889,6.63894,0.86421,-3.24977,4.21887,9.4593,-2.60319,-4.82955,-0.835507,4.77455,5.02376,9.64338,6.65113,8.83914,8.91426,-9.22238,-7.67916,5.59353,-2.22248,-5.75918,-4.39263,7.49802,-2.49324,-1.0539,0.316124,-3.00864,-1.61116,-4.73215,-9.54245,-1.72554,-7.35438,2.14223,6.90775,-9.61555,0.448405,2.75158,8.01748,-0.896856,-3.27489,5.008,-5.25733,-3.97901,-3.00276,9.3501,7.03116,7.94561,0.614445,-1.64984,-3.51607,5.632,5.79564,-3.59195,8.03251,2.15038,-0.535853,7.50156,-0.563125,5.61216,3.48228,9.2647,-4.25442,6.68181,-0.0646807,-2.52734,-1.00691,5.2629,0.790161,-3.30468,-9.42564,3.90861,2.98549,-2.11112,7.31248,-6.93107,5.61219,-4.59815
2.08385,8.85301,4.02732,4.29983,-5.53856,-8.66629,3.62793,8.86391,9.50329,-0.4978,0.0411603,-5.48157,-4.77025,8.05095,-3.69243,-8.28428,-0.851227,-9.35711,4.80707,-3.69524,2.2398,-7.63909,-5.43051,-5.96958,2.92141,-5.81973,-5.61203,-7.1903,0.752478,7.70284,1.01905,-3.91828,1.77495,2.18083,-2.07276,5.04034,-9.52517,-4.33684,-7.9492,-7.53971,2.44593,-5.243,0.300737,4.65035,-9.67572,9.50903,4.24564,4.07805,0.117911,5.57805,-4.65281,-7.95107,1.3234,-3.51268,-9.06893,-3.29156,-8.77492,5.9773,5.86625,-9.18271,-4.68463,2.50725,-9.47724,-1.97081,-0.103886,2.39294,3.65734,-6.21166,-8.85463,-9.52225,-0.306527,9.53143,-2.94339,-8.06349,-2.10293,0.905428,8.48086,5.07737,0.493289,-6.33103,6.00231,2.87153,1.82838,3.82763,4.05078,0.0400567,6.49041,-3.22497,-8.75711,-4.6516,-0.145432,9.88504,1.8993,2.57647,7.86574,-0.0969843,-3.30118,-2.69784,5.7526,-6.78013,-4.57482
-9.73951,9.99522,4.49669,5.31923,-6.87604,-1.67795,-2.28818,-0.764317,-3.57931,-3.28137,-2.28856,-8.68309,-2.15275,7.19232,-4.25011,-1.01187,-0.992687,8.86818,5.03513,-4.8708,9.54991,4.61467,5.51576,5.39213,-5.94743,1.27681,9.33994,-1.57956,-3.30474,-6.2425,-1.06315,7.4014,2.5982,4.31204,-8.30992,6.8802,-6.08216,5.72423,1.32199,-0.601168,1.30427,6.91963,1.73927,-8.97057,-1.46637,-4.68583,-3.20984,-8.76269,-4.36313,-7.1299,-6.24578,-7.61164,0.676272,8.26613,9.30821,5.82925,-2.87236,1.43151,9.78465,-4.83157,5.08239,-3.5939,-9.31884,8.68861,-7.65589,5.73402,1.75029,9.12166,-4.67956,-5.0891,-0.182738,9.17901,-8.42641,-9.2734,1.10093,3.24027,-6.63032,-3.97503,7.00612,4.38536,4.91514,0.863006,2.29735,-9.52804,7.57528,7.61822,0.600456,-9.60693,1.4449,1.22803,6.40325,-5.78135,6.49035,8.04351,5.01907,-1.07895,2.63003,2.97405,-4.3801,-1.16089,-5.57409
-8.89769,1.75646,5.20848,-2.95593,3.2762,-1.12637,-8.00443,-9.95403,-9.83591,-5.77968,-5.20371,3.55007,-8.67469,-3.2031,-2.55662,-5.85169,-0.651461,9.59854,7.60498,9.53709,9.82005,-9.61875,-1.20719,0.290749,-4.94124,-9.63933,-9.69942,-7.55513,-9.9915,3.41024,-9.25576,-9.67314,1.36805,6.60199,-8.27938,-6.35713,0.693785,6.98113,-4.19119,-7.57652,-6.80704,5.4149,9.67127,2.06239,7.80452,-8.61709,-1.07865,9.44762,-9.18208,5.62366,8.41457,9.87857,-7.74951,9.17631,7.21156,-4.62955,4.49528,2.53446,8.68064,9.20356,-4.6103,5.3156,-2.48152,-8.2838,8.5001,9.6585,4.17584,-8.63388,-3.68049,2.81619,3.90355,-6.77798,2.21101,-2.51555,5.64454,-4.01352,-9.16264,-1.80615,-9.57819,1.87068,3.35715,-1.35794,-0.147893,-0.647143,-2.63286,3.85551,-5.06195,4.9964,1.61981,3.47471,-0.138151,-2.1077,4.70507,-4.08203,-1.31032,-0.330532,-9.68371,-5.2139,-4.51902,-9.53645,2.42465
-3.82592,6.40572,-5.46605,7.97579,-7.20354,-6.8663,-8.47446,0.393857,2.31178,-1.94434,-8.51295,5.94519,-4.23275,-4.29152,6.55328,9.12666,-0.809605,5.92924,-7.58887,0.546555,-6.17341,-8.59565,3.9792,-7.34759,4.29016,-2.42088,2.44094,2.17824,4.80253,-1.57991,7.15603,-9.9866,0.941094,-9.38798,1.32916,2.05498,6.35829,-8.92938,-3.70434,6.72232,8.25235,5.64349,-4.08744,6.28319,-2.93081,2.15259,4.74002,-2.99241,-0.590799,-4.80507,9.58836,8.46898,-3.66719,-6.39424,1.54834,-4.3374,-2.81427,-6.66827,-3.31367,-2.14967,1.49221,6.43085,-7.40155,5.0207,7.38033,-4.78779,-7.87639,-3.10125,0.0903278,2.13389,1.75176,-2.48199,5.94834,3.00095,-4.52085,-6.60579,9.59552,7.89991,3.91529,5.03713,0.360229,2.14229,-7.33109,1.11531,0.695733,-5.09257,0.137525,-2.63122,-3.05224,-8.2303,-3.89626,5.48499,2.63388,-3.92294,-3.42824,2.10148,9.57404,4.70238,-1.36188,-4.08877,-2.74031
-8.47579,5.21277,-1.86612,9.74779,-4.3102,-9.2596,-2.5926,-5.36895,3.64756,-7.10901,-9.1782,-4.73427,-8.9058,-7.75136,8.76947,-7.65857,-2.72222,-1.24525,4.09915,4.09261,-3.55936,8.21485,4.00367,2.04403,5.9978,0.879122,-9.30822,-2.26069,0.878214,7.72673,-8.79564,-2.89554,4.0985,3.62061,-0.53673,2.63917,-2.37594,3.3975,-9.15014,5.37314,-0.482436,-4.09929,-9.93764,9.44847,1.54109,-2.41902,-6.89601,1.64065,0.666913,0.59923,-1.51271,9.73274,-0.0969631,2.37079,-5.74613,6.73079,-5.15859,1.71275,2.51675,9.44359,8.53487,-7.67356,-2.42721,3.11677,-2.42564,0.514738,-7.53018,4.9627,-4.80983,-4.5206,9.50905,-0.741371,-0.757583,9.06037,-2.6861,6.12347,-6.37156,4.46776,-8.80319,8.79263,1.15915,-4.9044,0.634105,-6.79239,1.90709,-7.21772,-9.91715,-1.15727,2.45641,0.0225034,-6.49124,-2.41834,-4.84769,-1.182,-3.34562,8.33513,-9.24957,-5.41312,-3.65849,4.36584,8.34255
-1.58714,7.0573,-8.83179,7.30356,-9.42973,1.90232,-1.83591,-7.2456,5.22966,9.68996,3.24844,-7.97941,-7.91479,-3.83256,-7.31869,-0.292625,-2.49535,7.69727,-6.27579,-1.96305,-5.47141,-7.00576,-9.0576,1.53122,5.11917,-3.50401,-5.97583,2.76583,-2.916,-8.8502,-5.1508,3.83269,-6.16956,-8.95378,-8.80169,2.79887,6.20384,4.51058,-2.98889,7.3698,8.41714,-5.50188,3.53938,-1.5827,-0.483569,1.02945,2.66934,9.60979,-6.8231,6.84624,-2.26608,-0.614282,-8.21542,-2.26988,-4.80883,7.98676,-1.98528,-0.272096,2.19809,5.23578,3.39419,-9.08005,-6.28312,8.18745,5.50779,-9.08573,-8.15024,-1.58795,6.42209,-4.06472,-9.73038,9.40094,1.76325,-6.82773,2.58492,2.43113,-2.55714,-2.96546,-2.51176,-2.7096,-3.33877,6.76186,5.53028,-0.0560786,8.75761,-8.75465,4.58035,9.84555,-0.0117741,7.00331,-3.90508,6.05901,-0.224447,6.60478,-0.61286,-3.37628,7.66071,1.69243,-4.72119,2.09618,7.67171
5.44716,-8.55864,-1.84133,2.4189,2.41223,-9.06478,-9.81211,6.3242,-0.76449,2.79445,-8.2956,-3.30323,2.34035,-8.11811,-7.05758,7.91006,-7.93938,-7.72055,-4.86903,7.15742,4.04328,3.42224,0.118574,-6.96243,-4.10308,-8.12916,3.16226,1.58504,-1.27065,-4.44254,6.04753,6.16793,-1.95608,4.46682,2.11486,3.22778,9.49145,8.55653,-3.86434,-6.77866,6.08556,0.818895,-5.38004,-6.44571,1.10835,-0.242204,1.43785,-7.35373,-8.06571,-9.99454,2.7236,-4.17672,-9.01184,-7.97295,5.44218,4.72766,-3.25317,-0.417209,-7.44336,-5.28238,-8.4585,-7.18233,-7.85728,-3.69902,-5.38681,9.85339,9.85489,-1.14053,5.18657,7.61419,-3.098,3.05374,-3.39379,5.34684,-0.459153,-9.90612,-8.33534,1.19545,-5.40977,-8.713,-5.58449,-4.87412,-8.097,-9.26844,-1.23762,-6.27039,-1.87224,-2.78056,9.59106,-5.27184,-7.50946,-6.23298,-1.56865,6.86182,0.265709,-7.90358,-6.68666,8.93003,0.07976,-7.34127,0.492413
3.47892,3.30443,0.481078,5.96243,3.58999,-7.29514,0.338593,-0.390808,8.87208,-8.05806,3.91466,-3.17829,5.90686,-1.76165,6.32576,-9.8092,6.57826,-2.45591,3.34073,9.883,-6.64322,-5.40016,-8.41105,-9.46708,4.61913,2.33863,4.53909,2.54532,-3.42341,2.92693,-6.51555,-1.70775,-7.79989,0.598626,-0.660052,7.37204,3.29063,-6.36329,7.31828,-6.34345,-0.513363,1.86038,6.63348,2.12471,-0.402073,-6.4775,-4.28064,5.40532,2.56369,-4.4935,-9.9746,0.382623,8.79189,-5.92614,1.34219,4.833,2.61555,8.43693,0.222375,-8.44483,-2.99698,-4.8325,4.6753,-6.62572,-0.423152,3.25149,4.6881,2.75427,3.71763,-0.870373,-4.4108,5.68433,-9.74656,5.93804,8.88987,-5.98593,-7.1586,7.45306,-8.00562,2.95892,9.9707,6.60729,7.54824,-5.29888,-1.71849,-9.94095,-7.88158,-8.75834,7.4103,-1.39341,5.5999,7.47782,3.11022,-4.14478,7.66042,-1.70606,5.24995,-9.23871,-1.86009,-7.11288,-4.76471
-9.2319,-5.68968,8.98443,7.47025,0.606638,-8.47444,6.75017,9.44235,2.44319,-1.39416,5.69654,-9.74551,4.73839,4.3566,1.06686,9.53646,-7.31066,0.710302,7.24963,6.93158,1.60516,-7.11145,-8.43656,9.51007,8.81785,7.21081,3.81279,8.76403,-0.634854,-4.41446,-4.65796,4.41972,-4.2778,5.92737,7.44467,1.31894,1.80733,0.773089,1.29241,6.814,-4.03834,-0.872551,6.2588,6.66196,2.20571,-9.49119,6.51715,-0.770186,6.73211,3.5637,4.06844,0.529328,9.3636,-2.43819,-3.25049,5.04589,5.59892,-0.355994,4.86519,0.853284,3.27677,-7.79287,-3.97062,-5.37426,9.71031,-9.83665,-0.57729,5.66177,-3.86264,-9.63114,-9.53027,9.87889,5.43834,8.65781,-7.42034,-3.26967,-1.71381,7.31854,-5.95436,0.832986,8.81666,-4.00732,3.53157,6.30987,-5.60222,-7.60708,-5.09042,-2.58908,-8.89483,9.85742,-3.96782,-4.02972,-3.68986,6.36976,3.91986,-7.77619,7.97405,8.6456,7.70677,6.07798,-9.96886
1.71062,4.92015,-3.92762,2.67704,-7.62477,-9.90124,-9.0992,-1.12627,-9.47749,1.44785,8.72656,-3.52445,-6.36496,-7.42709,-5.08494,-2.97822,-3.75625,-4.25662,2.2141,9.14714,0.336416,-3.19343,7.20727,4.48819,6.43834,-5.25909,-5.24713,-5.47273,5.00288,-2.65982,2.90871,0.892243,-6.77668,5.97543,1.58211,-5.3118,4.11096,9.865,-2.17573,7.68854,-3.25089,6.22756,-4.81058,-7.28018,5.88054,3.51643,0.363754,7.92615,-0.576123,-5.85514,0.00662659,-3.68834,0.171917,-1.8269,-4.35147,-2.54052,4.32359,4.49094,4.95985,9.95072,5.91737,-2.66728,-3.90595,-9.20961,2.47243,-3.82963,9.24641,2.00203,2.29667,3.17316,-5.65503,6.18957,-9.10977,-9.41543,-6.58298,-6.27769,-7.13119,9.21141,-8.65134,-1.41417,-9.81285,-5.15574,4.27185,6.64972,-8.62914,9.26742,-1.38818,-9.80042,-0.552867,8.30885,-7.42289,4.63345,-1.87237,7.44182,-4.85935,2.78274,-2.7312,9.59117,5.41724,2.56692,-2.84295
7.15894,9.45904,3.35256,-5.77342,-7.84628,-2.39583,-2.94501,-6.31752,3.17233,-4.10465,-2.54343,-1.2144,-8.62344,7.52175,8.04354,2.95087,-7.85337,8.6775,1.76986,5.0794,6.59628,7.1362,-9.06273,2.43374,-5.56324,-7.14854,-4.37797,-6.22988,-2.23427,-0.580685,-9.78394,-5.19098,1.27021,2.48405,8.47342,-7.66941,-1.93563,-3.21433,9.25415,1.60605,9.29023,-4.49002,3.384,9.00319,1.65571,-5.27715,-9.80282,-0.275031,-7.5684,-6.06169,-7.04066,9.31427,8.07265,-8.41552,-4.68404,-3.02858,5.14869,-2.28017,4.20351,2.90641,-1.93705,-3.30633,-3.44446,1.86269,-2.83998,1.70862,0.695883,2.61944,-0.435777,-0.775297,-2.15439,4.73776,-8.09872,-1.05805,-6.37834,7.17584,5.56304,-4.88027,-4.22927,4.1069,-9.31145,8.1262,3.80088,5.91915,7.43986,9.85077,-5.19321,4.27967,4.25722,-8.73653,-3.14009,-1.47748,9.32753,-0.82809,9.54811,0.26501,7.65527,-0.583057,3.8899,-3.62879,-4.11794
-5.57915,1.71253,4.11264,6.64481,-3.89287,-7.36826,1.53304,8.00296,5.64936,-4.78136,-1.73196,-8.5389,6.45194,7.33147,9.77111,-8.31748,8.14713,4.58251,-6.20051,0.98301,-1.79277,-5.89982,4.53061,5.71053,-3.64625,-5.47247,5.10469,8.13516,-6.47532,5.04592,6.79867,-9.71247,0.324042,-9.17382,-6.34523,-1.04637,7.40562,0.926645,2.0947,-9.70994,-1.8753,5.35865,-5.35662,-7.23898,-2.13748,8.24989,-9.06054,-5.60994,-0.203181,-2.82198,-6.95799,5.65175,-4.02833,7.81283,3.50066,3.71255,1.2126,-6.6415,9.55392,9.39711,2.5509,-9.42874,-8.48944,2.15127,9.02996,-9.10775,-2.14409,4.50262,6.65395,5.19345,9.42237,7.24463,-2.14376,4.80361,5.38653,5.09676,-7.12536,9.82119,2.18406,8.92888,2.42354,-4.147,9.51732,7.79509,-8.16443,-1.65433,6.09225,-9.46315,0.81192,6.99573,1.63081,9.24155,4.08015,5.85091,2.39134,-1.31551,4.59646,-2.70046,1.9567,-4.55649,9.52038
-1.84053,-6.30138,-8.214,-1.46784,-9.14054,5.08736,6.58528,-9.30345,6.13427,-4.26415,-4.38774,3.60167,6.68138,3.45362,5.30097,-5.94852,1.55312,4.5042,-2.25214,9.2987,3.26256,-9.68934,7.30784,7.71994,-4.45017,7.38071,-7.86993,-2.19156,6.43166,4.77304,-8.85333,2.92353,4.98606,-4.82394,7.01845,3.53464,6.81498,-0.537582,2.04531,4.00969,7.87727,-0.81008,4.98962,-3.78814,-5.98346,-6.20246,-7.58928,3.65136,-8.99994,6.97097,-9.53894,8.24487,-2.41348,3.94291,-3.16675,-0.092117,9.91844,7.09828,9.28585,4.12708,2.44561,3.42103,-4.3399,-9.18802,4.3874,1.5833,-8.27058,-3.11487,0.379046,-6.29833,3.89816,-9.49015,5.89883,1.62243,3.67351,7.13903,-9.75459,7.56552,-6.93767,0.00469653,3.80365,0.486592,-1.30959,-8.61592,-0.102235,3.89337,-9.40734,-1.3208,-6.34854,-4.58284,-8.18509,9.13241,6.74057,-0.763124,-2.5058,-8.12891,-0.351083,0.636024,-1.58022,-3.76958,1.05218
-5.30329,8.73342,2.49137,-4.24496,-4.77569,-8.49598,1.46874,-6.03058,-3.8354,-8.08804,-7.04238,9.8723,-5.14033,0.447828,-4.16175,-7.93556,-4.00867,-2.2961,3.14472,8.86906,5.15533,4.80414,-4.71778,6.47671,7.71496,-5.44764,2.65092,9.09008,2.78693,5.30231,4.13805,-7.66188,4.5067,5.46765,-4.37846,-8.46,1.18902,-5.01067,5.82098,-2.79375,-8.19905,-4.67452,4.29296,-6.48405,-6.85514,-5.77396,1.13776,0.144613,0.14435,-7.9851,4.15462,1.7596,3.99961,-4.17663,-0.49876,-8.09822,-4.05203,4.85425,3.68654,-0.562326,4.56301,7.49989,-0.77478,6.70798,1.51881,9.76418,-2.00632,5.80461,0.172356,-9.45407,-6.90717,1.08707,0.0641095,-8.13214,-4.59803,4.98432,-1.1976,-2.3954,-9.56846,4.19425,-4.06585,9.39048,-7.50835,-0.491779,0.110448,9.58311,-7.79027,-7.38594,-0.592149,-6.89927,-2.6551,-0.583832,6.4691,-9.40859,-1.28532,-9.79048,1.26589,-2.56463,0.90562,9.64411,-8.59061
5.87972,6.24544,-4.52641,8.16401,-2.54744,-2.75585,-6.92343,6.71163,-6.82122,-3.70788,-3.8847,8.44266,5.05505,-6.78578,-2.9443,2.81869,-9.71681,3.00468,-6.93442,-3.69003,-8.41709,2.81742,3.72431,5.04059,2.13366,-8.63957,6.11699,-7.16118,-2.1443,-2.75774,-1.16003,2.77736,-6.14946,-2.9925,7.73353,7.2172,2.45093,-8.74672,-2.7212,-4.0308,9.53115,1.47334,5.18089,8.31166,-7.53664,5.15067,4.51606,-9.37519,5.5494,3.68657,0.818385,2.61544,4.23742,3.94436,4.82128,-1.31673,-6.81001,-3.99643,8.73389,5.1019,9.46074,-0.0946735,9.0243,2.58309,-5.16104,1.51141,3.36329,3.26444,-2.63224,4.69223,-3.63827,6.30314,6.60357,-3.19784,9.01367,-4.62896,2.07383,-6.3871,9.97287,-0.88947,3.59594,0.0845363,-2.35,9.93658,7.06516,7.83897,-4.01257,-7.02816,9.5958,0.95715,8.09336,3.08162,8.84659,7.22353,-8.12112,0.468402,-9.46792,8.60315,7.69028,-7.87447,-3.62663
-5.63962,-8.56755,5.66968,-4.17182,4.10526,2.90047,-0.326559,7.366,3.64152,3.60696,-9.11562,-9.24925,6.28896,3.65219,4.87293,-5.88786,-0.568235,-6.97543,-0.195356,-9.87622,5.26617,5.22416,9.57181,-3.38732,-2.20775,-8.95015,-7.90898,-0.170333,1.25798,-9.83336,5.76435,8.88227,-7.74576,6.05665,8.5029,-0.283039,0.468471,3.41348,5.62625,-9.06626,5.28802,0.771043,-4.30818,-4.2415,-7.51589,8.41865,8.57254,-9.43946,9.83012,-9.464,-1.43396,-3.74592,9.85921,8.38078,6.15827,-3.64058,1.60586,-1.8438,-6.07764,-2.61527,-5.75093,-3.40779,-7.98799,6.12389,-4.6107,1.471,-8.09427,5.77585,6.9348,-9.38626,8.83,4.40235,-1.3955,9.77345,0.769242,2.30785,-1.01606,-6.54226,7.11077,0.787649,3.58915,-8.95021,-2.89061,9.34203,4.10819,9.54244,7.87003,0.630703,-7.32813,-4.11928,-5.19734,8.10651,-6.31121,6.85005,4.35864,-6.36319,4.51759,-0.610459,0.873051,-8.49765,-4.98398
8.55432,6.26024,0.545101,-6.78837,0.563183,-9.26717,-9.81445,-3.65573,-6.05538,-5.97113,2.37665,6.61171,0.438942,9.76214,-0.999494,-2.64131,4.41099,5.0873,-7.97895,0.241783,-3.84939,3.25351,-5.59366,2.35258,4.0706,1.3478,-2.26193,-8.69138,1.9277,-3.4498,-3.12506,6.42156,1.70758,-2.80498,6.76549,-1.94783,5.23643,4.21646,-6.78415,8.80117,-6.37357,0.858633,5.5008,-3.98268,1.54262,5.13325,-6.60427,-5.45568,-1.56123,-9.25518,3.34475,-1.12198,-0.181499,8.28438,-4.71581,5.29916,-0.915908,9.43767,5.90785,-2.7843,-3.36448,-6.92196,5.1633,-3.15674,1.2388,-8.04078,-4.1816,0.460077,-6.85824,5.43986,-9.48158,7.32618,4.10938,3.19871,6.15514,8.06175,-5.45193,9.75534,-1.07522,9.10632,-3.48665,0.907281,8.44421,-9.83579,-7.07153,-4.52618,-1.6936,-1.43387,2.7255,-8.38485,0.995311,-4.38005,-0.195041,0.249376,7.1817,2.67683,-2.78916,-5.80689,6.64165,2.2359,6.89515
-2.12989,-8.60449,-2.6601,3.56085,-3.29658,4.32505,-5.72053,-0.910142,9.8978,0.992386,8.54009,3.74549,3.25405,0.169032,6.22705,7.67357,-4.26527,-3.25265,6.679,3.58934,-1.68108,-7.5797,-2.02528,5.10087,2.63028,-3.58607,6.3535,-2.11358,-2.65704,-7.33025,-1.98906,-1.06567,-4.7071,-8.07135,4.3556,0.724206,8.53095,-6.67457,-3.75601,2.07112,-4.20047,4.80304,-6.46703,-7.71659,-1.30055,9.34336,-0.762961,7.25902,-5.61565,-2.79991,1.38888,6.90295,2.68486,-0.636077,7.55262,6.00715,-2.74213,-6.76736,-4.43838,6.81611,9.68731,5.87713,7.28535,-8.96225,5.7663,8.5946,-5.42335,-0.399781,-1.33116,9.6526,-4.58722,7.64466,-3.41107,-3.53159,9.46172,-9.09318,-9.24356,2.31792,7.14322,0.927513,2.75458,-6.86236,3.00618,5.71815,7.13581,9.11425,-5.94507,4.80149,0.165491,-5.48107,-9.04768,-0.321807,3.92365,-2.73784,-0.206215,-4.16184,-2.12943,9.22581,2.84667,-9.94328,-9.65453
-9.61197,-6.0916,1.10666,3.39507,2.08723,3.68436,-6.35723,4.55567,0.933314,8.34408,5.82044,-8.78845,4.15466,-9.40449,5.66141,9.60693,8.88619,1.1857,-4.85622,-9.96382,7.58395,5.69429,-3.64693,9.70876,-6.79434,-9.25237,-0.839089,-2.0316,-2.23036,4.16794,-5.87578,7.80714,-4.6968,-8.41289,-2.29414,3.18187,7.97491,2.75764,1.97934,-0.850828,4.45769,9.58558,2.73417,-1.11865,-5.74812,8.58917,-1.8207,6.9752,2.72052,7.05995,-5.79974,-6.45727,5.38021,-7.90967,-8.19004,-7.35356,3.5698,5.73172,2.87864,4.24876,-4.50353,-9.37818,-1.33251,-5.49502,-2.2657,6.00594,-0.608156,6.09969,0.973912,-3.18115,2.56958,2.087,-8.76433,4.30135,7.44163,9.96536,0.10624,5.42687,-6.31132,9.53867,-4.0991,-6.7847,7.50626,-3.82903,-8.96722,-5.76018,-1.90614,-9.67766,2.17908,-5.57727,0.511809,4.61405,-9.08205,-0.265743,9.88296,-4.65091,-2.36341,-8.34912,-0.11963,-4.54974,-5.87234
5.94134,1.54028,4.71757,-0.654956,3.58928,7.4675,5.81053,-0.688705,-0.872794,6.69361,-7.1149,1.55764,6.52956,3.04085,6.45404,5.26725,3.87494,-4.97679,-9.30841,-3.41463,-1.60647,0.991523,-6.26377,1.21648,-1.6256,-5.06352,-3.78546,-3.98072,6.91867,-4.24521,-3.92403,-9.43066,2.03345,0.307574,-1.7725,-7.58442,-3.81529,-8.64519,-2.13935,-4.3823,3.08293,3.61914,0.946971,9.87909,0.889826,5.38706,-7.96191,-8.51274,-5.54199,3.52685,-1.40611,-5.78601,5.96963,0.797899,-3.68262,3.61912,6.50977,-2.99389,-4.68753,-6.93481,2.87301,-5.82175,-0.811777,8.16695,-1.02923,0.995495,0.981529,-5.74235,0.0685958,8.57683,2.67474,-3.54391,0.813512,-5.27772,-2.21588,-5.06717,-3.49961,6.04428,-6.21321,-7.8968,6.00749,1.63621,6.9221,9.98535,9.94391,-5.64965,-9.61853,-4.01487,3.65566,2.43556,-7.71023,6.61213,-9.19163,3.18836,-7.18471,-5.27557,-3.67743,8.06166,6.71674,-2.19682,1.59965
-1.37693,8.30717,-3.24542,-4.3618,-5.22281,-1.77163,5.04701,-6.55214,8.79076,-7.07571,1.11428,9.5284,-5.24996,-8.17218,8.78907,-0.491506,7.74049,-6.96098,8.73573,-6.41043,-0.619147,3.84543,9.27959,-4.58622,-4.2319,-6.69352,-8.65017,-3.17716,3.64504,-3.78094,-0.519474,7.97716,-3.22466,-4.71472,7.24405,8.57169,-9.86452,-1.59351,7.07901,8.86511,2.68921,-9.17524,2.68254,4.94449,4.50704,8.91866,-6.95446,-8.58084,-7.89096,-5.55778,5.05283,0.192649,0.693423,-6.19619,5.42662,-2.88256,-7.33109,-3.94404,-4.97395,-3.3192,4.57074,2.22857,1.78218,9.28451,8.29404,-5.82076,-5.08684,7.92562,-4.98401,-6.17559,5.40918,-5.8326,4.44164,-2.90196,3.10015,1.68718,-9.74312,-3.62031,-6.71306,-8.79501,-5.26662,-2.29867,-4.17186,-8.70929,1.17522,6.19174,-9.85143,-8.28903,-5.48396,-4.30471,-8.14477,-7.76053,-5.41049,3.03816,-6.61707,-3.44787,-9.86792,8.4783,6.25462,-3.64817,-3.84986
1.61686,-5.07229,3.92822,-0.623863,-6.42642,-8.29385,9.94808,0.0746288,9.08867,3.95596,1.2563,-2.49014,-2.70417,-6.31597,-1.184,-8.14618,6.39727,1.88488,0.990088,4.2654,4.64107,0.726393,-0.507372,9.39819,8.12493,3.65034,-1.48542,9.77051,2.34632,9.65659,-1.76424,9.6023,-4.05802,4.95023,-3.9252,9.02334,2.49028,5.22378,3.30613,3.37868,9.07399,1.11978,8.02124,-3.38673,6.70567,-6.90806,-2.62202,0.877824,-4.95163,-2.29362,3.74218,-8.71962,0.473518,-1.86297,-8.38721,-7.51598,-6.96824,-1.76342,4.19165,-2.6358,2.99731,-2.40672,-2.27395,0.295246,-1.73275,-1.5255,-3.4275,-7.60356,8.76063,-2.17686,2.03011,9.07374,-3.64209,-5.01396,-1.28334,-8.92941,-0.214651,-4.5193,-2.04866,-5.15512,-6.39757,-0.161376,3.73486,4.16927,0.891917,9.65475,-0.911539,8.71883,-8.83164,1.18808,-8.42085,-1.30949,2.46326,2.91694,-3.03875,9.94389,5.97292,4.09409,-5.01362,2.3119,5.11855
6.69013,6.09842,9.05688,9.10035,0.965425,-2.05475,6.42191,-8.28271,-3.21904,1.03184,6.56175,7.56597,-6.83688,-1.40891,5.06817,-3.61819,7.25542,-1.26019,3.05996,8.78166,4.66126,-5.52665,7.98347,-5.19655,-9.84628,9.91808,5.88131,2.53432,0.0261558,9.1669,7.80012,-9.56664,0.644606,-1.48147,-1.5141,6.18483,3.95011,2.87774,-6.08675,1.069,-4.29692,5.04043,-6.2895,5.40794,-8.8616,-2.63786,-4.87703,2.31948,-4.01777,-4.11303,2.0201,-8.10904,1.58286,8.42015,-5.60213,9.15896,3.9259,-2.79741,-2.05921,1.06204,-9.60612,-8.7228,2.48708,7.85729,-2.77527,-2.22715,-1.31777,4.72494,3.57294,-0.399551,0.307846,8.63754,1.23737,-7.33662,-9.76704,6.09325,-9.39487,-6.26782,-5.99377,5.59391,-9.27738,2.51437,-4.58311,9.49245,-9.58839,-8.67844,-1.08826,-3.44343,-0.614843,-8.63979,-0.244472,1.08551,-4.41132,-8.58064,-0.371228,-4.85242,-8.33969,-2.89169,-2.88247,1.10739,-0.0456496
8.48903,-3.59015,-6.39465,2.25471,-3.57607,6.6963,-4.36702,-1.4013,-2.7254,2.74318,6.71129,5.30927,-3.12271,6.7804,-4.08128,5.90317,-9.76395,-2.13999,1.58186,-0.487862,1.397,-3.35039,-6.25816,-4.84534,9.92199,-4.36886,-1.51439,1.66759,5.94339,-4.77737,-1.76678,9.65687,0.78657,0.347271,8.85964,3.36924,-3.00608,-7.48714,-5.75494,-9.47076,-3.65519,-9.27427,-0.554154,-1.33684,2.08926,8.38167,5.11932,7.48759,-2.83658,4.86716,3.70608,-4.03281,1.03955,-2.23227,8.29524,0.765552,-2.11127,-6.55004,7.62247,8.56405,-4.4071,2.27508,-7.34995,4.47662,3.21853,9.30519,-5.09819,7.08633,8.97531,-3.62268,-1.13936,-3.57799,-5.50079,3.95371,-3.32263,4.63146,0.828524,1.2782,4.45725,-1.73294,-7.0833,-3.81992,-8.26893,1.62988,-7.27243,-7.74584,-4.28021,8.66186,-0.873178,-5.47253,-8.27019,-0.565861,7.26047,2.02949,-0.197964,4.40015,3.54447,5.87254,1.80585,-8.62655,-4.26085
-9.76575,-5.34934,-8.12845,1.09024,-2.13673,1.86559,-1.327,5.21548,3.96948,-2.83388,-6.65211,-2.12838,8.31322,-9.19695,-7.76523,-4.7841,-1.79254,9.20715,-5.33739,5.73439,8.103,8.10946,-8.01517,4.36191,2.19099,3.21167,9.70647,-8.07755,7.80841,7.23136,-1.36418,-8.74239,6.63426,-4.30386,-0.761676,-3.55471,7.34635,9.90511,-2.20265,7.50608,6.18589,2.92498,1.04153,4.13733,6.75301,-3.88015,8.3449,-9.46234,-5.33114,5.19095,7.41989,4.08484,-9.42298,-0.669684,-2.18677,-0.107298,-6.76528,6.05296,3.33571,-3.74076,-0.420342,3.0151,6.33932,-1.70178,5.0269,6.46061,-7.36151,6.12745,4.19375,8.95555,-6.2803,2.87657,5.60175,-3.3041,1.6152,4.07112,6.85545,-3.60195,1.84381,3.27841,0.857291,8.26328,3.04728,-4.40896,-8.88948,-1.95215,9.58303,-9.17804,-9.52384,-6.16028,-9.46909,0.173872,0.00500315,-8.80074,9.51333,4.83273,-1.42847,-4.49925,0.828251,-7.83291,-4.58759
9.91693,3.31627,-7.7241,-1.38412,-8.50119,-7.92887,6.47307,-7.11849,4.723,9.87687,-9.21372,4.1038,-6.85869,-9.67549,-4.16968,-1.64729,3.27522,4.52712,-7.28392,1.66759,2.59561,-7.28744,-1.31163,-4.2553,-2.36979,-0.28513,7.34162,0.46223,6.526,6.0667,-7.42093,7.36998,5.45034,5.6457,1.88668,9.59934,-8.87355,7.04769,3.8026,8.80933,-6.29833,5.18128,7.97317,-3.31501,-0.0774408,8.21248,-6.6851,-3.01606,5.4974,-1.78646,-0.836422,-0.776338,7.83059,4.69307,7.95484,-1.46729,8.20074,-0.341382,-1.03485,-9.04726,-3.681,9.12642,-8.28089,9.35075,-1.63325,-0.576715,-4.80187,-9.40159,-7.30165,9.65562,-9.35468,2.51191,2.47117,0.224903,-2.2275,0.913373,-6.26174,-9.41098,-8.32343,4.42236,0.778513,8.46348,-3.59639,-0.473655,3.9922,-3.74477,-7.56823,9.08195,5.91992,-3.89126,7.23411,-3.90392,-2.17043,6.40825,-5.28378,4.52181,-1.55988,3.02009,-0.0280666,-6.28739,-3.19211
-9.21392,-4.26246,9.91699,8.71766,1.06115,-8.01886,1.06015,-4.37925,-3.7532,4.39658,6.89923,3.28305,-1.02832,-7.08234,-3.99804,7.42751,4.87591,7.48303,-1.49227,-3.32707,-5.16811,7.86402,-9.67464,-8.55711,-9.68164,9.57951,-4.28184,2.02326,0.546671,1.03917,-0.118841,4.91853,-7.27547,2.02292,7.16027,8.421,-6.59867,9.1845,-7.72696,3.63343,1.79977,7.04451,-9.61832,-8.87284,-3.44862,3.01038,6.61254,-7.1083,3.23858,1.58165,6.15886,8.93715,-5.40534,-6.63786,3.2106,3.04539,-3.7295,-5.52392,0.86389,-4.32139,6.25324,-6.34014,-1.35848,1.81489,-8.03535,-5.70734,8.32787,-8.90659,-0.898803,5.82437,-8.16612,-4.90941,7.41742,8.39374,7.76974,-5.89552,-1.74119,-5.47735,-2.12528,-2.55895,-9.48036,4.59955,0.299883,-8.76517,-3.78052,3.94544,-3.38841,-1.78835,-5.17154,-9.66605,-4.92542,8.53793,5.52325,-2.25491,6.28065,-6.67586,-8.85265,-9.63771,-5.92628,-8.24922,-4.86809
-5.52593,-0.983618,2.49137,3.14943,-1.61039,-1.44211,-3.69044,-3.07133,-7.01329,0.288191,-3.59054,5.15505,-3.05223,-7.22114,-2.03853,7.2111,-2.47172,-8.30621,7.86259,-8.29231,-5.04867,-8.42242,-2.58985,-0.126847,2.04884,2.35012,-5.4281,-4.31341,0.819981,2.13711,9.71394,-1.34063,-7.83377,-2.08723,-8.49015,0.729833,9.90262,-9.06982,-9.72266,4.08598,-0.20652,7.88491,-8.55931,8.74085,-2.24317,7.48315,9.5203,-3.72177,8.76309,3.98581,-3.16632,3.09697,-1.39232,-0.384517,4.81592,0.0370963,-7.51515,0.899594,1.97536,-6.92044,6.37857,-9.46367,8.29127,8.53463,-4.79291,2.99574,0.49988,-3.04211,-6.28577,1.00073,-7.03168,9.35264,2.05176,-6.45646,-1.74038,3.39266,-5.23161,-5.39199,-7.01482,-5.79065,-2.37047,1.45377,7.45777,-9.93653,-7.28323,-1.68709,-6.504,8.39418,-1.46942,-1.44576,3.9834,7.03237,9.85878,1.52015,5.74212,8.62209,9.23627,4.0236,5.73705,3.68073,-6.50301
-7.01861,-7.81915,3.34615,-5.7934,6.97792,4.5677,-6.39262,-3.88002,-1.23157,-1.31076,-9.50622,4.08666,-9.02281,-4.39628,4.61944,9.89545,-4.49273,-4.62754,-7.02893,-7.66027,-3.19281,5.40398,-1.07971,-0.832238,5.11739,9.20428,3.73596,-2.61277,-0.684206,-7.33775,9.92192,-9.87813,9.6307,6.59526,-1.02242,-7.57202,9.88107,2.19271,-1.72194,7.32623,5.13497,5.18444,-2.87143,0.0367555,8.83444,4.31988,-1.33487,4.08808,-4.26657,-9.76633,-6.83302,2.06307,-4.47664,7.41928,-9.23317,-3.36978,0.68937,-4.90239,1.73391,-1.1898,-8.7877,7.94755,9.09495,8.7369,-9.44771,-8.71638,6.12708,7.1956,-5.52371,2.38742,8.05372,4.36068,-0.359573,3.11391,-2.83985,-3.33178,-0.769328,-0.533309,8.00368,-8.1831,8.03978,8.27072,-0.778661,-9.35628,3.18174,-1.9152,3.89247,4.14096,0.13105,-5.98652,-4.01764,1.03502,1.24529,7.54792,8.926,-2.3109,-8.04151,-0.936074,-1.82255,7.85103,7.42502
5.06881,9.46632,-5.1528,5.84652,-5.82421,-9.36633,-0.384446,-0.735604,3.83872,-5.45948,-0.693449,0.277401,2.54697,6.30237,1.73487,-8.23523,-6.51392,-0.39667,8.13318,-0.248884,4.42539,-5.54737,-8.23211,3.42645,6.57259,-9.45748,7.2003,-7.82122,7.47569,1.04963,3.00416,1.78919,3.31144,-6.51037,3.2312,7.79479,2.03776,-9.53595,-2.58604,7.20118,3.29475,-2.12436,-0.913809,0.842405,-5.43722,-2.07334,6.601,1.587,-9.89923,-9.95971,1.84754,-9.6944,-2.28177,3.51298,-8.73485,-3.32273,-4.14479,4.23004,-1.65526,-1.29129,6.27689,4.76798,-2.1263,-2.12574,0.896595,-3.54995,-1.40457,-0.974247,-0.211732,-8.43612,-5.41109,-5.72606,-1.1334,6.25865,-2.56556,-7.68843,-1.02685,-4.87663,8.37663,-3.59328,-2.95386,-9.67361,-9.60565,-0.491579,-6.03292,9.54149,-6.84444,1.5646,-1.98148,7.12379,0.0395418,-6.18074,4.73167,4.55273,-7.65446,4.10349,0.683262,-7.42871,2.11455,9.70221,1.80457
9.01833,4.05753,-3.893,-3.52853,-8.21293,7.28419,1.03117,-1.285,4.31074,6.7373,1.28474,6.07895,-8.25451,1.26202,2.98503,-4.13982,-7.98006,2.79926,-3.31378,-4.07546,5.79579,4.68782,9.22667,4.93537,5.9994,-4.10679,-3.52787,7.0314,9.94953,2.98634,-7.50136,-8.90233,-8.13022,0.662493,-8.76547,1.18711,-9.48211,-0.699799,1.41996,-7.86037,-8.3173,-6.86076,-7.33716,2.28851,-9.83383,4.45588,9.09473,9.99268,0.231841,2.83607,-0.00612796,4.94284,8.149,-9.60958,-8.76254,-0.275012,9.48243,1.84369,-7.14177,-0.808306,6.21521,-7.3224,4.22201,5.12453,-0.289448,-7.96056,5.7328,-5.63372,-5.08092,3.61766,9.76708,8.05764,-2.47637,4.30886,3.09139,2.95264,1.78303,-9.10545,9.4056,-7.03083,-3.07705,5.9641,0.329427,-9.39304,-3.8609,3.58111,-1.34794,5.86171,7.59727,2.46358,4.62556,-7.4905,7.2754,3.01445,-6.88838,6.59852,0.216674,8.31418,-6.08359,8.90989,-7.5765
4.52707,-5.06343,0.283851,8.47583,2.46795,-3.1148,4.26986,-5.33626,-0.264503,-5.97812,0.913323,-4.83574,-4.69129,7.07234,-0.34258,2.73491,-6.29932,-8.42688,-7.12031,1.73046,-8.54768,6.95117,-5.77552,-0.444593,9.13219,3.95179,3.61209,3.24246,3.76916,-3.37876,-2.03095,5.78764,-4.43058,8.83536,-5.91012,1.66245,1.05999,5.77672,-6.58039,-1.51612,1.09396,-6.90824,-7.51274,-4.64494,0.718748,4.13638,8.95819,8.06266,-2.86537,4.01397,-7.73183,-7.28559,-9.00652,-2.74782,2.90025,-2.80658,5.96893,6.59557,-9.38741,-4.61286,-7.19314,7.8788,4.05503,0.712192,4.2259,-7.05247,8.99073,3.33353,-7.96019,-7.49891,6.37166,-3.26896,-1.18687,-8.30295,-4.70062,-1.65871,-3.48196,7.34272,9.91517,2.753,-0.100642,-3.55482,-1.86319,7.8842,2.09486,0.148757,5.95219,9.7227,-0.397039,-8.74879,-7.09862,-4.93662,4.31688,-2.47809,-7.00886,-6.49665,-3.39783,9.05989,-3.24756,1.99304,4.24638
9.14504,7.8385,0.424358,-8.07435,-7.04785,-9.83154,-0.557689,-6.19946,9.64137,-7.83134,2.38277,1.16637,-4.67247,0.401223,8.22696,-0.135043,-6.89978,7.99337,1.8792,-3.44772,1.53167,-6.45932,0.838632,-7.57007,-5.99912,-2.3789,-0.116295,-9.84591,4.02679,1.7025,9.53323,4.16478,9.05044,3.70275,2.15869,4.84009,7.99368,-8.77206,2.47118,-0.929596,0.164299,-5.53715,-2.41822,-2.10962,2.79374,0.614289,-8.25516,-2.12741,-2.00179,2.26453,3.2932,6.6275,-2.67672,2.23783,-0.508605,4.9854,-6.20803,-7.65659,3.79076,-2.58318,1.97051,6.95978,-6.92582,2.43729,-2.32403,7.79852,7.92928,-2.58564,6.82746,-3.54854,-8.92777,-8.99168,-3.3075,-1.95533,0.91847,-1.15424,-3.2033,-6.67818,4.87054,8.89356,0.423486,-4.96307,8.08082,-3.45339,1.59403,2.93257,-9.31657,1.31071,-9.00022,-2.8002,3.95274,-5.55957,6.82562,-4.15641,5.18955,8.03922,2.62792,-7.43803,3.90327,9.44693,-5.10793
-9.37041,3.0439,-4.6102,-5.60091,-8.99117,2.42966,8.58587,-6.91873,-0.709855,6.91638,5.41059,0.433902,-4.26546,-2.69523,-5.14313,5.23412,-8.40952,5.25394,9.62499,-6.18551,1.01025,6.8575,-9.20797,-0.609339,5.90136,-7.46564,9.66347,9.65741,3.89948,-7.86169,-6.95912,-4.82436,0.680249,-0.288346,6.60683,6.78497,4.64257,5.98415,-8.10208,-0.0200491,4.63161,-3.13038,-2.40222,-3.5347,-1.97014,5.3212,-0.169981,1.70098,1.32945,-2.58966,1.90334,-5.87456,-2.27869,5.60955,-5.01163,-6.60321,8.34353,3.0248,-8.73847,0.0388994,7.82146,-0.939966,7.01073,7.60168,-4.59522,-1.7319,-6.13903,-8.70784,4.06855,-1.11391,-2.76454,-0.107049,-1.59142,-5.90787,3.60299,-5.78464,0.589981,-7.58187,9.86154,4.46149,4.46709,-9.31548,-6.43451,1.68798,-9.93266,-0.485167,-7.43198,3.40917,7.56417,-2.18833,-9.9386,-6.20066,8.52159,-4.85677,-5.73566,-8.98424,1.57149,-0.553278,5.6023,-2.17205,7.44315
-1.21467,-6.8216,1.59353,1.12918,-2.16218,-6.91104,8.87921,6.02404,5.09443,5.57922,-6.30109,-6.3758,-2.36986,0.114115,-7.53985,8.15523,-2.21815,-8.44779,-0.877119,2.84874,3.43215,7.24836,5.07625,9.43221,-7.81835,5.27245,6.48637,-0.729316,7.15485,4.66499,6.20627,4.24501,-3.70239,6.74595,8.6441,6.43187,-4.40492,-5.09445,0.255214,1.42816,-3.84872,-5.04954,-4.52716,-3.75021,-9.66192,2.90446,-0.242031,1.00925,-5.00055,-6.32317,-2.16429,6.42585,6.10822,-7.41385,-7.12437,9.30896,-4.49806,-9.0025,-1.24485,0.930704,-7.08748,-5.47349,-5.30063,-2.23614,3.70977,5.58344,0.778097,-7.1411,6.9941,7.81499,9.33561,-1.64808,-9.27122,-2.16332,-1.12276,-6.55816,-4.68295,-8.54997,-9.48167,-3.14899,-3.34395,2.04776,-6.28984,9.59759,6.86469,-6.22484,2.82235,-1.17058,-9.83804,-3.94257,3.77945,1.18522,-6.33413,7.18085,9.06357,-3.61642,7.99449,-7.3287,-3.3981,-6.39738,-9.76752
5.82946,2.52224,-0.743854,-4.4997,9.43142,4.25827,7.52161,-8.83207,-6.6236,1.59916,9.82838,6.93376,-5.45846,-1.98151,-8.49485,1.28503,-8.45709,-6.67831,-7.92767,1.75428,7.5428,4.29616,-2.76188,4.85173,-0.523989,-3.93924,-9.51101,7.46829,8.72505,9.96962,9.0858,7.70038,-1.53814,-9.91548,5.53902,8.1949,8.00408,-8.62277,4.10376,5.35886,-6.62379,-2.60414,-5.47263,6.30968,7.13339,6.95601,-7.46039,3.42725,-2.40954,4.64681,3.81898,8.41834,5.14247,-5.72757,-6.49468,2.90364,-1.79485,-7.87775,5.52078,-1.57553,-9.31633,5.99161,-6.09728,4.04174,5.07039,6.62827,5.12122,-4.76474,-3.72583,-0.665749,3.72619,9.83147,-8.17256,-3.92963,-7.8093,4.31636,0.457961,9.7802,-3.46071,7.56696,-0.26341,3.14765,5.40527,8.3027,-1.16991,2.80427,5.01516,-1.49007,-4.45582,3.45782,2.95138,-7.15676,-9.39306,5.61646,-8.03468,0.0933665,2.06261,-0.891187,-1.54336,-0.332429,-1.82953
1.66782,3.87214,-5.89076,-1.41788,-7.50347,0.554554,4.25491,6.2632,0.800668,7.35032,8.52751,8.81147,-9.38519,-3.27739,7.08831,7.25039,2.41137,-3.32893,-3.0792,5.6556,-8.78442,-8.15645,-9.96234,-6.44218,8.56162,-0.933047,4.45745,-2.56058,0.757564,4.3412,-5.49921,-6.34321,-9.66491,-8.28243,-5.1146,-6.23044,7.66383,-2.30466,-4.72646,-8.55849,4.02413,-7.20811,4.84859,1.33111,5.96744,5.24636,-2.48591,-9.86334,8.69709,3.91342,0.195172,-3.2007,-8.02007,6.25056,-6.28452,-6.59294,-6.90775,-7.8956,-9.32019,-4.52778,-6.07836,9.11878,8.95002,0.997001,4.9553,6.22865,7.53794,5.21033,-3.24421,-8.25014,-1.16128,-4.99458,3.19038,-2.96694,-0.206535,-2.95786,5.64711,6.56852,-3.40396,-2.21134,6.10101,-0.438735,-4.91504,8.30563,-9.66559,-1.86154,0.495389,-6.20069,-2.64387,7.37433,-3.39778,8.20415,-6.21069,8.50715,6.89451,9.25213,-2.27513,2.04727,4.33727,5.75776,2.06145
0.159749,0.968904,7.11917,3.90477,9.99894,-0.444105,-2.45525,-3.76779,3.84557,-1.48695,-5.93104,-0.500825,6.51096,-6.29232,-3.39045,-7.92001,2.24699,-4.58831,-7.80779,-3.75811,-5.76133,1.5017,9.2609,-8.29396,-4.21879,-9.65315,7.47425,6.59838,3.92605,1.67024,-7.88269,-8.6468,8.85623,-9.37416,6.62942,2.15773,-2.20742,-8.00758,5.58929,-4.15955,3.39504,-2.28452,6.70902,-5.88866,-1.37773,-7.98422,-2.90817,3.30981,-6.27161,9.7569,3.35949,-7.40458,-9.05699,-7.43383,-0.643591,4.29561,4.98702,7.62467,0.590525,-4.46024,-7.76132,9.9261,2.49246,-6.50283,8.2226,-9.39352,8.38592,-1.37946,-5.25075,-4.98425,-9.51174,3.7652,-3.62243,4.79472,-7.5314,8.81234,8.41945,-4.87897,-2.1821,-7.80148,-0.741886,-0.663467,3.00189,1.62065,-6.35527,-0.0251962,7.47337,-6.68944,1.51189,9.50662,9.15565,3.62807,-3.22478,0.449469,-8.39147,-7.3145,-8.77879,4.24722,4.7454,7.67783,2.10919
-6.90588,0.0386205,0.0181168,-1.06061,2.951,-5.88177,5.56095,8.03291,-0.486342,9.99333,6.25088,4.77434,0.0171811,8.16063,5.84946,8.82909,-3.06368,-8.67426,-6.71174,-8.11417,-5.32062,-1.19652,2.11641,4.42823,8.02343,-3.04088,-9.50672,8.03481,-6.35159,-7.7675,-0.298417,9.52667,0.592745,-2.29907,-6.03842,5.14308,-1.55556,-2.35438,3.09548,-7.62115,1.42511,-4.48724,-9.41408,4.31588,5.26114,1.03491,9.86533,-3.88794,9.12268,-6.37365,3.4307,-5.92088,6.46258,-2.56456,5.50294,-4.98655,8.67753,6.01562,-7.13621,3.22774,0.45651,7.0368,4.58749,-3.40436,-6.53337,-7.79014,-9.76657,-6.75922,-9.36875,8.44001,-1.55508,-5.49744,-5.83626,-9.455,-2.66195,-8.68063,7.52022,-5.32388,0.877586,-4.42134,9.35948,4.89988,0.610275,8.04284,-0.60837,1.53824,-8.99259,6.58682,-8.84495,3.71212,0.0581139,4.40473,-9.70223,-7.97449,-1.9564,-1.49076,8.4074,2.34065,4.97445,6.94596,-4.39566
4.66222,-1.32925,6.10958,4.12901,-2.38877,-3.62594,-3.41662,9.48889,6.18122,-8.59676,-3.35291,-4.76817,-2.00169,8.65795,0.417635,-0.0294891,-9.22514,9.50271,1.44141,6.34216,-1.73778,-4.38341,-7.28327,-7.28741,-6.47684,3.33077,-0.028552,8.90428,-9.43637,3.22759,8.7296,-4.74565,-4.17694,-6.86281,-9.07415,-7.47614,-1.65636,5.51739,-1.38812,4.50433,-4.32481,-3.39317,-7.06387,3.18131,-4.23982,1.40505,1.96737,2.62419,1.6363,-7.24487,-8.00116,5.92215,0.271166,8.31172,4.88988,1.18654,6.8915,-9.18957,7.64303,-9.04565,-2.68774,2.33089,-4.9629,-1.39647,-5.23283,-9.87877,-2.60816,7.26083,3.52553,2.95633,2.84872,3.92617,-8.9536,4.79664,-1.01541,-8.51998,-9.5734,1.67706,-3.01759,5.95269,0.806371,-2.31154,3.31794,-5.70616,-5.2173,9.53977,-6.31019,9.7391,-3.57185,6.19288,7.40425,-8.82679,-6.30799,4.35118,-3.88309,4.29863,8.02049,4.62213,2.70745,-6.986,3.55042
1.56957,5.23246,-3.37682,5.21681,2.90971,2.65368,0.365144,2.90152,-8.43682,6.82274,-2.4301,-8.6054,-6.54043,1.81687,1.48075,-4.99024,5.39752,8.74076,-9.35898,2.71394,-7.78963,6.59225,-0.458393,-3.81574,-6.14802,-2.23114,5.51434,1.32278,-7.08231,-0.55407,-7.33785,4.22043,3.32685,5.72106,-2.25044,-7.16211,7.17932,-0.207622,-7.23178,-7.43756,-5.7556,-9.12795,-8.84474,1.07145,-6.66452,4.03048,-9.73123,1.18673,-9.66399,-3.04463,4.10281,-3.9664,8.06519,5.49821,-1.13456,-3.77681,7.93373,-4.74884,9.56769,-8.23692,5.70633,-6.20909,-2.23412,-3.82986,4.67527,-4.99612,2.51345,0.682834,-7.78826,9.2754,-6.87103,-9.59605,-6.6084,-8.75155,1.41504,3.47429,-0.311862,1.47573,2.13692,-3.7925,-1.9079,-5.06577,1.35178,-7.9629,8.74386,9.49323,-5.81311,8.89594,1.35477,9.35702,-2.77649,-9.0846,-2.76294,-3.03832,-2.09075,-2.15337,-9.97524,2.21336,1.08749,5.86903,-0.17264
5.69886,7.25693,-5.40769,-9.62387,8.78366,-6.61156,2.12203,8.90327,6.78432,6.31487,5.52135,3.1705,6.67081,3.09799,-4.58198,-2.41162,9.58855,-7.81071,-7.74789,-5.96596,6.74244,1.44148,1.33989,-6.39961,-0.801526,-7.1368,9.26762,2.66592,-0.194509,-4.63338,2.66847,4.06688,9.14529,6.35981,-3.28927,4.89607,-2.70023,3.768,-1.14495,7.11983,-4.16655,-1.60379,4.3162,6.87818,3.7541,3.436,5.41574,-4.03301,8.94972,-7.10448,-6.67936,-3.12327,-9.60511,-9.03745,5.65386,4.63193,-4.93955,7.78576,8.67361,3.64438,4.63522,2.41337,-7.08365,8.4497,-1.89258,-7.27213,1.09076,-1.99999,6.2307,-7.76647,-9.70402,5.08848,5.23524,-8.21003,0.787868,4.72304,8.28878,4.10151,-8.52906,3.46136,5.53527,-3.33936,3.57159,0.300872,-7.82272,8.63812,-5.52315,-7.89096,-4.61558,-1.64593,5.94439,-7.26226,3.07431,-7.00455,6.79068,4.56178,-7.34643,-2.45974,0.246902,0.266209,-1.54709
-0.974671,1.96111,-5.16013,4.29577,-0.953687,3.8939,2.13889,-1.16145,-1.83698,1.27974,3.59027,-5.94817,-7.6858,9.81237,-6.37202,-5.45167,8.94696,-9.27711,-0.537811,-3.95312,7.76298,-1.20335,5.0116,9.59609,-4.26135,7.50581,2.20949,-8.2956,2.01253,-6.45405,1.43448,6.21657,-5.35214,4.27175,-6.22357,-6.07184,6.98248,3.58679,-4.03739,-1.76659,-1.84068,-6.46779,-1.65286,3.70219,8.46758,-4.99178,-3.8829,-2.71729,3.75048,-6.76927,-8.67316,7.14522,8.86296,-5.69151,1.44717,2.43437,8.44358,6.34534,3.43155,8.62055,1.69562,-6.17543,2.94052,1.24171,3.54112,9.51977,5.51064,-7.19959,1.13168,-1.27317,3.24635,4.55809,-9.81908,6.01922,-4.13599,2.80554,-1.4892,5.74175,6.2243,-2.37136,-9.64947,2.65226,-9.5938,-0.628113,5.67397,-4.46465,1.01245,5.46798,7.50238,3.52711,3.64776,-7.73294,-8.83902,-7.70273,-7.14145,9.19687,1.01623,0.791122,-6.22531,-0.803168,8.71466
-2.39297,3.22563,-1.81148,9.01239,-6.51333,-6.86448,1.06028,1.30701,-9.92038,5.82837,6.47209,-3.62869,4.4135,3.406,-7.21143,7.64143,6.75313,-2.15644,5.6556,-9.32974,3.6902,-0.791601,2.76506,-0.880774,-4.86786,8.35169,7.03909,6.63121,2.10637,6.2733,6.13557,-0.113051,-9.20434,-8.28282,-0.614046,8.48482,7.44067,-9.87791,0.490349,3.74884,-3.57999,-6.91934,-7.30952,-2.90158,4.92146,3.50045,-6.83415,-8.2405,7.89077,1.35054,-8.97657,3.40474,1.00774,-9.36836,6.94627,5.79071,2.83635,1.87682,7.23886,5.49211,5.77008,1.8293,-6.88482,-3.07281,6.27175,8.73694,9.83447,-1.32159,1.55741,-9.0965,-9.40483,-3.28807,4.6349,-5.99089,-3.58155,0.244043,-6.49014,-0.58073,0.0250494,-3.16919,2.57226,-3.55707,2.62697,8.24724,-8.19254,4.0386,-2.31608,-2.48498,1.86829,-6.15036,-0.368509,8.45618,5.71352,4.74454,-3.18879,-5.54619,0.12029,8.73479,-6.68925,-3.88232,-5.42359
7.66426,4.59841,-1.41258,2.45793,-7.83032,-9.24497,-3.92099,4.18027,3.71075,-6.71235,-9.54489,6.78565,5.50061,4.83152,5.62374,9.63274,-3.41208,-7.46779,-4.49038,4.28241,5.39542,6.12768,0.291348,4.89756,-1.27925,0.260872,6.47252,-4.61625,4.33973,-4.43048,8.44612,-6.49003,-8.34229,-9.35944,-1.33259,-9.52583,1.47299,-4.73834,3.28297,8.61933,-5.93875,-7.65325,2.36412,3.38662,6.08233,5.25595,-5.89217,8.16576,-8.74025,1.96827,-2.71525,-9.77371,-8.96398,-6.73847,3.46386,-3.58955,-5.98249,-5.42971,-8.86917,7.91642,-4.59296,-3.62427,-5.5229,4.37266,8.25218,7.29684,1.7673,0.260534,-5.6818,-9.84617,-7.2896,-2.89693,-2.47828,-2.69371,-5.51266,-0.383146,-9.48411,5.79324,-4.47866,0.34098,5.68628,-6.06642,-0.47385,-3.43075,8.33422,2.62281,-8.72784,-9.07023,1.9392,7.73367,-8.5829,0.489062,-8.69502,3.60398,-0.82071,-5.18276,0.740251,0.937011,-5.31348,-2.54423,6.9861
-3.6261,-3.78929,-3.90224,1.96122,1.38665,-0.739469,3.09331,7.20411,-7.31851,-0.112699,5.65828,-7.36302,-6.33751,8.14471,4.28442,-8.10132,1.76207,5.44229,7.21627,-1.20413,-5.79957,7.27143,-7.05314,5.73475,-3.9694,9.877,-7.31587,-8.4949,-3.70199,9.36654,-2.23376,7.88298,-3.57018,0.107514,-7.68445,9.32193,8.84105,6.87333,5.76725,-5.02395,8.76535,9.72255,5.15212,6.00557,-4.1376,-9.01379,9.70502,-2.60653,6.48143,7.22913,-3.50286,3.95907,-3.8165,3.99062,0.66933,-8.78078,8.90674,1.84466,6.02691,3.52404,-2.49409,-4.25861,-0.45547,2.73574,5.50455,5.66895,5.85986,-3.80834,2.32057,-7.03852,9.94886,-9.33645,8.4178,3.17123,1.77224,-1.31372,-7.94433,-1.72648,7.2542,0.348039,-6.97569,0.573641,-1.6885,-7.35457,-9.77245,4.44806,-9.37213,0.796147,-5.69869,-7.44041,-6.08407,6.19085,-2.36312,-9.9278,5.02958,-2.60293,5.09946,-3.27145,-2.513,1.77294,1.5451
3.56181,9.31504,6.03095,-4.46481,-1.11303,-4.84694,6.6639,2.66611,6.75368,8.18903,-8.82634,-4.51964,-9.44532,3.7035,-9.78141,-0.448455,9.88026,-4.11278,4.62539,6.59849,0.20598,9.99735,5.53763,1.03749,-7.39707,9.13037,-7.08746,0.817173,-8.73949,-2.07647,7.20888,9.20838,4.20098,-6.71174,8.246,-8.6733,1.33017,-6.32228,3.16276,-0.373925,2.64172,-6.44933,-4.78019,7.2326,8.74172,-2.26747,9.25231,1.264,-9.11779,-1.21849,0.97813,5.60642,3.11067,-0.371372,1.41149,-7.44478,-0.854535,-4.9289,6.86759,-8.45591,0.66674,-4.97951,-1.37803,0.0442837,8.92745,4.52151,-6.05915,-4.97026,-4.65352,2.19738,7.65817,-2.91099,-4.78877,-7.87293,3.35718,-9.40845,9.31133,-3.34468,-9.93562,5.72654,0.551422,6.9169,-3.16154,8.9128,-8.25408,-6.79526,-5.76168,-3.69877,-6.99264,-6.52484,-0.861877,-8.4496,8.27882,0.805058,-0.194496,7.36674,-5.85422,-6.74751,-9.29725,-0.885575,9.98633
